experiment,evaluation_type,metric,step,episodes,seed,value,source
act-PickCube-v1-state-100demos-seed1,training_scalar,loss,0,,1,68.11035156,act-PickCube-v1-state-100demos/events.out.tfevents.1790055938.WP.1047248.0
act-PickCube-v1-state-100demos-seed1,training_scalar,loss,100,,1,1.57242298,act-PickCube-v1-state-100demos/events.out.tfevents.1790055938.WP.1047248.0
act-PickCube-v1-state-100demos-seed1,training_scalar,loss,200,,1,0.81584078,act-PickCube-v1-state-100demos/events.out.tfevents.1790055938.WP.1047248.0
act-PickCube-v1-state-100demos-seed1,training_scalar,loss,300,,1,0.44027498,act-PickCube-v1-state-100demos/events.out.tfevents.1790055938.WP.1047248.0
act-PickCube-v1-state-100demos-seed1,training_scalar,loss,400,,1,0.26987079,act-PickCube-v1-state-100demos/events.out.tfevents.1790055938.WP.1047248.0
act-PickCube-v1-state-100demos-seed1,training_scalar,loss,500,,1,0.19289593,act-PickCube-v1-state-100demos/events.out.tfevents.1790055938.WP.1047248.0
act-PickCube-v1-state-100demos-seed1,training_scalar,loss,600,,1,0.13907111,act-PickCube-v1-state-100demos/events.out.tfevents.1790055938.WP.1047248.0
act-PickCube-v1-state-100demos-seed1,training_scalar,loss,700,,1,0.11472335,act-PickCube-v1-state-100demos/events.out.tfevents.1790055938.WP.1047248.0
act-PickCube-v1-state-100demos-seed1,training_scalar,loss,800,,1,0.09807201,act-PickCube-v1-state-100demos/events.out.tfevents.1790055938.WP.1047248.0
act-PickCube-v1-state-100demos-seed1,training_scalar,loss,900,,1,0.08573377,act-PickCube-v1-state-100demos/events.out.tfevents.1790055938.WP.1047248.0
act-PickCube-v1-state-100demos-seed1,training_scalar,loss,1000,,1,0.07922126,act-PickCube-v1-state-100demos/events.out.tfevents.1790055938.WP.1047248.0
act-PickCube-v1-state-100demos-seed1,training_scalar,loss,1100,,1,0.07469942,act-PickCube-v1-state-100demos/events.out.tfevents.1790055938.WP.1047248.0
act-PickCube-v1-state-100demos-seed1,training_scalar,loss,1200,,1,0.06958573,act-PickCube-v1-state-100demos/events.out.tfevents.1790055938.WP.1047248.0
act-PickCube-v1-state-100demos-seed1,training_scalar,loss,1300,,1,0.06573845,act-PickCube-v1-state-100demos/events.out.tfevents.1790055938.WP.1047248.0
act-PickCube-v1-state-100demos-seed1,training_scalar,loss,1400,,1,0.06052265,act-PickCube-v1-state-100demos/events.out.tfevents.1790055938.WP.1047248.0
act-PickCube-v1-state-100demos-seed1,training_scalar,loss,1500,,1,0.05869585,act-PickCube-v1-state-100demos/events.out.tfevents.1790055938.WP.1047248.0
act-PickCube-v1-state-100demos-seed1,training_scalar,loss,1600,,1,0.05491731,act-PickCube-v1-state-100demos/events.out.tfevents.1790055938.WP.1047248.0
act-PickCube-v1-state-100demos-seed1,training_scalar,loss,1700,,1,0.05282777,act-PickCube-v1-state-100demos/events.out.tfevents.1790055938.WP.1047248.0
act-PickCube-v1-state-100demos-seed1,training_scalar,loss,1800,,1,0.04913315,act-PickCube-v1-state-100demos/events.out.tfevents.1790055938.WP.1047248.0
act-PickCube-v1-state-100demos-seed1,training_scalar,loss,1900,,1,0.04709351,act-PickCube-v1-state-100demos/events.out.tfevents.1790055938.WP.1047248.0
act-PickCube-v1-state-100demos-seed1,training_scalar,loss,2000,,1,0.04711112,act-PickCube-v1-state-100demos/events.out.tfevents.1790055938.WP.1047248.0
act-PickCube-v1-state-100demos-seed1,training_scalar,loss,2100,,1,0.04416241,act-PickCube-v1-state-100demos/events.out.tfevents.1790055938.WP.1047248.0
act-PickCube-v1-state-100demos-seed1,training_scalar,loss,2200,,1,0.04235828,act-PickCube-v1-state-100demos/events.out.tfevents.1790055938.WP.1047248.0
act-PickCube-v1-state-100demos-seed1,training_scalar,loss,2300,,1,0.04032810,act-PickCube-v1-state-100demos/events.out.tfevents.1790055938.WP.1047248.0
act-PickCube-v1-state-100demos-seed1,training_scalar,loss,2400,,1,0.04033384,act-PickCube-v1-state-100demos/events.out.tfevents.1790055938.WP.1047248.0
act-PickCube-v1-state-100demos-seed1,training_scalar,loss,2500,,1,0.03852021,act-PickCube-v1-state-100demos/events.out.tfevents.1790055938.WP.1047248.0
act-PickCube-v1-state-100demos-seed1,training_scalar,loss,2600,,1,0.03863369,act-PickCube-v1-state-100demos/events.out.tfevents.1790055938.WP.1047248.0
act-PickCube-v1-state-100demos-seed1,training_scalar,loss,2700,,1,0.03748871,act-PickCube-v1-state-100demos/events.out.tfevents.1790055938.WP.1047248.0
act-PickCube-v1-state-100demos-seed1,training_scalar,loss,2800,,1,0.03634236,act-PickCube-v1-state-100demos/events.out.tfevents.1790055938.WP.1047248.0
act-PickCube-v1-state-100demos-seed1,training_scalar,loss,2900,,1,0.03399966,act-PickCube-v1-state-100demos/events.out.tfevents.1790055938.WP.1047248.0
act-PickCube-v1-state-100demos-seed1,training_scalar,loss,3000,,1,0.03529637,act-PickCube-v1-state-100demos/events.out.tfevents.1790055938.WP.1047248.0
act-PickCube-v1-state-100demos-seed1,training_scalar,loss,3100,,1,0.03330559,act-PickCube-v1-state-100demos/events.out.tfevents.1790055938.WP.1047248.0
act-PickCube-v1-state-100demos-seed1,training_scalar,loss,3200,,1,0.03217293,act-PickCube-v1-state-100demos/events.out.tfevents.1790055938.WP.1047248.0
act-PickCube-v1-state-100demos-seed1,training_scalar,loss,3300,,1,0.03190296,act-PickCube-v1-state-100demos/events.out.tfevents.1790055938.WP.1047248.0
act-PickCube-v1-state-100demos-seed1,training_scalar,loss,3400,,1,0.03232301,act-PickCube-v1-state-100demos/events.out.tfevents.1790055938.WP.1047248.0
act-PickCube-v1-state-100demos-seed1,training_scalar,loss,3500,,1,0.03080811,act-PickCube-v1-state-100demos/events.out.tfevents.1790055938.WP.1047248.0
act-PickCube-v1-state-100demos-seed1,training_scalar,loss,3600,,1,0.03040761,act-PickCube-v1-state-100demos/events.out.tfevents.1790055938.WP.1047248.0
act-PickCube-v1-state-100demos-seed1,training_scalar,loss,3700,,1,0.02997803,act-PickCube-v1-state-100demos/events.out.tfevents.1790055938.WP.1047248.0
act-PickCube-v1-state-100demos-seed1,training_scalar,loss,3800,,1,0.02810430,act-PickCube-v1-state-100demos/events.out.tfevents.1790055938.WP.1047248.0
act-PickCube-v1-state-100demos-seed1,training_scalar,loss,3900,,1,0.02857249,act-PickCube-v1-state-100demos/events.out.tfevents.1790055938.WP.1047248.0
act-PickCube-v1-state-100demos-seed1,training_scalar,loss,4000,,1,0.02913558,act-PickCube-v1-state-100demos/events.out.tfevents.1790055938.WP.1047248.0
act-PickCube-v1-state-100demos-seed1,training_scalar,loss,4100,,1,0.02721972,act-PickCube-v1-state-100demos/events.out.tfevents.1790055938.WP.1047248.0
act-PickCube-v1-state-100demos-seed1,training_scalar,loss,4200,,1,0.02594586,act-PickCube-v1-state-100demos/events.out.tfevents.1790055938.WP.1047248.0
act-PickCube-v1-state-100demos-seed1,training_scalar,loss,4300,,1,0.02652555,act-PickCube-v1-state-100demos/events.out.tfevents.1790055938.WP.1047248.0
act-PickCube-v1-state-100demos-seed1,training_scalar,loss,4400,,1,0.02544629,act-PickCube-v1-state-100demos/events.out.tfevents.1790055938.WP.1047248.0
act-PickCube-v1-state-100demos-seed1,training_scalar,loss,4500,,1,0.02587293,act-PickCube-v1-state-100demos/events.out.tfevents.1790055938.WP.1047248.0
act-PickCube-v1-state-100demos-seed1,training_scalar,loss,4600,,1,0.02466487,act-PickCube-v1-state-100demos/events.out.tfevents.1790055938.WP.1047248.0
act-PickCube-v1-state-100demos-seed1,training_scalar,loss,4700,,1,0.02344920,act-PickCube-v1-state-100demos/events.out.tfevents.1790055938.WP.1047248.0
act-PickCube-v1-state-100demos-seed1,training_scalar,loss,4800,,1,0.02405918,act-PickCube-v1-state-100demos/events.out.tfevents.1790055938.WP.1047248.0
act-PickCube-v1-state-100demos-seed1,training_scalar,loss,4900,,1,0.02392145,act-PickCube-v1-state-100demos/events.out.tfevents.1790055938.WP.1047248.0
act-PickCube-v1-state-100demos-seed1,training_scalar,loss,5000,,1,0.02458343,act-PickCube-v1-state-100demos/events.out.tfevents.1790055938.WP.1047248.0
act-PickCube-v1-state-100demos-seed1,training_scalar,loss,5100,,1,0.02349850,act-PickCube-v1-state-100demos/events.out.tfevents.1790055938.WP.1047248.0
act-PickCube-v1-state-100demos-seed1,training_scalar,loss,5200,,1,0.02345987,act-PickCube-v1-state-100demos/events.out.tfevents.1790055938.WP.1047248.0
act-PickCube-v1-state-100demos-seed1,training_scalar,loss,5300,,1,0.02340191,act-PickCube-v1-state-100demos/events.out.tfevents.1790055938.WP.1047248.0
act-PickCube-v1-state-100demos-seed1,training_scalar,loss,5400,,1,0.02213574,act-PickCube-v1-state-100demos/events.out.tfevents.1790055938.WP.1047248.0
act-PickCube-v1-state-100demos-seed1,training_scalar,loss,5500,,1,0.02343458,act-PickCube-v1-state-100demos/events.out.tfevents.1790055938.WP.1047248.0
act-PickCube-v1-state-100demos-seed1,training_scalar,loss,5600,,1,0.02315897,act-PickCube-v1-state-100demos/events.out.tfevents.1790055938.WP.1047248.0
act-PickCube-v1-state-100demos-seed1,training_scalar,loss,5700,,1,0.02169872,act-PickCube-v1-state-100demos/events.out.tfevents.1790055938.WP.1047248.0
act-PickCube-v1-state-100demos-seed1,training_scalar,loss,5800,,1,0.02164308,act-PickCube-v1-state-100demos/events.out.tfevents.1790055938.WP.1047248.0
act-PickCube-v1-state-100demos-seed1,training_scalar,loss,5900,,1,0.02123402,act-PickCube-v1-state-100demos/events.out.tfevents.1790055938.WP.1047248.0
act-PickCube-v1-state-100demos-seed1,training_scalar,loss,6000,,1,0.02024100,act-PickCube-v1-state-100demos/events.out.tfevents.1790055938.WP.1047248.0
act-PickCube-v1-state-100demos-seed1,training_scalar,loss,6100,,1,0.02055124,act-PickCube-v1-state-100demos/events.out.tfevents.1790055938.WP.1047248.0
act-PickCube-v1-state-100demos-seed1,training_scalar,loss,6200,,1,0.02027485,act-PickCube-v1-state-100demos/events.out.tfevents.1790055938.WP.1047248.0
act-PickCube-v1-state-100demos-seed1,training_scalar,loss,6300,,1,0.02010615,act-PickCube-v1-state-100demos/events.out.tfevents.1790055938.WP.1047248.0
act-PickCube-v1-state-100demos-seed1,training_scalar,loss,6400,,1,0.02181550,act-PickCube-v1-state-100demos/events.out.tfevents.1790055938.WP.1047248.0
act-PickCube-v1-state-100demos-seed1,training_scalar,loss,6500,,1,0.02103171,act-PickCube-v1-state-100demos/events.out.tfevents.1790055938.WP.1047248.0
act-PickCube-v1-state-100demos-seed1,training_scalar,loss,6600,,1,0.02008746,act-PickCube-v1-state-100demos/events.out.tfevents.1790055938.WP.1047248.0
act-PickCube-v1-state-100demos-seed1,training_scalar,loss,6700,,1,0.01953442,act-PickCube-v1-state-100demos/events.out.tfevents.1790055938.WP.1047248.0
act-PickCube-v1-state-100demos-seed1,training_scalar,loss,6800,,1,0.01918978,act-PickCube-v1-state-100demos/events.out.tfevents.1790055938.WP.1047248.0
act-PickCube-v1-state-100demos-seed1,training_scalar,loss,6900,,1,0.02218404,act-PickCube-v1-state-100demos/events.out.tfevents.1790055938.WP.1047248.0
act-PickCube-v1-state-100demos-seed1,training_scalar,loss,7000,,1,0.01904778,act-PickCube-v1-state-100demos/events.out.tfevents.1790055938.WP.1047248.0
act-PickCube-v1-state-100demos-seed1,training_scalar,loss,7100,,1,0.01843940,act-PickCube-v1-state-100demos/events.out.tfevents.1790055938.WP.1047248.0
act-PickCube-v1-state-100demos-seed1,training_scalar,loss,7200,,1,0.01921310,act-PickCube-v1-state-100demos/events.out.tfevents.1790055938.WP.1047248.0
act-PickCube-v1-state-100demos-seed1,training_scalar,loss,7300,,1,0.01849352,act-PickCube-v1-state-100demos/events.out.tfevents.1790055938.WP.1047248.0
act-PickCube-v1-state-100demos-seed1,training_scalar,loss,7400,,1,0.01883921,act-PickCube-v1-state-100demos/events.out.tfevents.1790055938.WP.1047248.0
act-PickCube-v1-state-100demos-seed1,training_scalar,loss,7500,,1,0.01874541,act-PickCube-v1-state-100demos/events.out.tfevents.1790055938.WP.1047248.0
act-PickCube-v1-state-100demos-seed1,training_scalar,loss,7600,,1,0.01756007,act-PickCube-v1-state-100demos/events.out.tfevents.1790055938.WP.1047248.0
act-PickCube-v1-state-100demos-seed1,training_scalar,loss,7700,,1,0.01832812,act-PickCube-v1-state-100demos/events.out.tfevents.1790055938.WP.1047248.0
act-PickCube-v1-state-100demos-seed1,training_scalar,loss,7800,,1,0.01834702,act-PickCube-v1-state-100demos/events.out.tfevents.1790055938.WP.1047248.0
act-PickCube-v1-state-100demos-seed1,training_scalar,loss,7900,,1,0.01844048,act-PickCube-v1-state-100demos/events.out.tfevents.1790055938.WP.1047248.0
act-PickCube-v1-state-100demos-seed1,training_scalar,loss,8000,,1,0.01805008,act-PickCube-v1-state-100demos/events.out.tfevents.1790055938.WP.1047248.0
act-PickCube-v1-state-100demos-seed1,training_scalar,loss,8100,,1,0.01833940,act-PickCube-v1-state-100demos/events.out.tfevents.1790055938.WP.1047248.0
act-PickCube-v1-state-100demos-seed1,training_scalar,loss,8200,,1,0.01711592,act-PickCube-v1-state-100demos/events.out.tfevents.1790055938.WP.1047248.0
act-PickCube-v1-state-100demos-seed1,training_scalar,loss,8300,,1,0.01722874,act-PickCube-v1-state-100demos/events.out.tfevents.1790055938.WP.1047248.0
act-PickCube-v1-state-100demos-seed1,training_scalar,loss,8400,,1,0.01731947,act-PickCube-v1-state-100demos/events.out.tfevents.1790055938.WP.1047248.0
act-PickCube-v1-state-100demos-seed1,training_scalar,loss,8500,,1,0.01827925,act-PickCube-v1-state-100demos/events.out.tfevents.1790055938.WP.1047248.0
act-PickCube-v1-state-100demos-seed1,training_scalar,loss,8600,,1,0.01768145,act-PickCube-v1-state-100demos/events.out.tfevents.1790055938.WP.1047248.0
act-PickCube-v1-state-100demos-seed1,training_scalar,loss,8700,,1,0.01765305,act-PickCube-v1-state-100demos/events.out.tfevents.1790055938.WP.1047248.0
act-PickCube-v1-state-100demos-seed1,training_scalar,loss,8800,,1,0.01704655,act-PickCube-v1-state-100demos/events.out.tfevents.1790055938.WP.1047248.0
act-PickCube-v1-state-100demos-seed1,training_scalar,loss,8900,,1,0.01701729,act-PickCube-v1-state-100demos/events.out.tfevents.1790055938.WP.1047248.0
act-PickCube-v1-state-100demos-seed1,training_scalar,loss,9000,,1,0.01971908,act-PickCube-v1-state-100demos/events.out.tfevents.1790055938.WP.1047248.0
act-PickCube-v1-state-100demos-seed1,training_scalar,loss,9100,,1,0.01773441,act-PickCube-v1-state-100demos/events.out.tfevents.1790055938.WP.1047248.0
act-PickCube-v1-state-100demos-seed1,training_scalar,loss,9200,,1,0.01785607,act-PickCube-v1-state-100demos/events.out.tfevents.1790055938.WP.1047248.0
act-PickCube-v1-state-100demos-seed1,training_scalar,loss,9300,,1,0.01657810,act-PickCube-v1-state-100demos/events.out.tfevents.1790055938.WP.1047248.0
act-PickCube-v1-state-100demos-seed1,training_scalar,loss,9400,,1,0.01708400,act-PickCube-v1-state-100demos/events.out.tfevents.1790055938.WP.1047248.0
act-PickCube-v1-state-100demos-seed1,training_scalar,loss,9500,,1,0.01720566,act-PickCube-v1-state-100demos/events.out.tfevents.1790055938.WP.1047248.0
act-PickCube-v1-state-100demos-seed1,training_scalar,loss,9600,,1,0.01699121,act-PickCube-v1-state-100demos/events.out.tfevents.1790055938.WP.1047248.0
act-PickCube-v1-state-100demos-seed1,training_scalar,loss,9700,,1,0.01714550,act-PickCube-v1-state-100demos/events.out.tfevents.1790055938.WP.1047248.0
act-PickCube-v1-state-100demos-seed1,training_scalar,loss,9800,,1,0.01613642,act-PickCube-v1-state-100demos/events.out.tfevents.1790055938.WP.1047248.0
act-PickCube-v1-state-100demos-seed1,training_scalar,loss,9900,,1,0.01573387,act-PickCube-v1-state-100demos/events.out.tfevents.1790055938.WP.1047248.0
act-PickCube-v1-state-100demos-seed1,training_scalar,loss,10000,,1,0.01597742,act-PickCube-v1-state-100demos/events.out.tfevents.1790055938.WP.1047248.0
act-PickCube-v1-state-100demos-seed1,training_scalar,loss,10100,,1,0.01580221,act-PickCube-v1-state-100demos/events.out.tfevents.1790055938.WP.1047248.0
act-PickCube-v1-state-100demos-seed1,training_scalar,loss,10200,,1,0.01656508,act-PickCube-v1-state-100demos/events.out.tfevents.1790055938.WP.1047248.0
act-PickCube-v1-state-100demos-seed1,training_scalar,loss,10300,,1,0.01538057,act-PickCube-v1-state-100demos/events.out.tfevents.1790055938.WP.1047248.0
act-PickCube-v1-state-100demos-seed1,training_scalar,loss,10400,,1,0.01615300,act-PickCube-v1-state-100demos/events.out.tfevents.1790055938.WP.1047248.0
act-PickCube-v1-state-100demos-seed1,training_scalar,loss,10500,,1,0.01539592,act-PickCube-v1-state-100demos/events.out.tfevents.1790055938.WP.1047248.0
act-PickCube-v1-state-100demos-seed1,training_scalar,loss,10600,,1,0.01676583,act-PickCube-v1-state-100demos/events.out.tfevents.1790055938.WP.1047248.0
act-PickCube-v1-state-100demos-seed1,training_scalar,loss,10700,,1,0.01635289,act-PickCube-v1-state-100demos/events.out.tfevents.1790055938.WP.1047248.0
act-PickCube-v1-state-100demos-seed1,training_scalar,loss,10800,,1,0.01577521,act-PickCube-v1-state-100demos/events.out.tfevents.1790055938.WP.1047248.0
act-PickCube-v1-state-100demos-seed1,training_scalar,loss,10900,,1,0.01624692,act-PickCube-v1-state-100demos/events.out.tfevents.1790055938.WP.1047248.0
act-PickCube-v1-state-100demos-seed1,training_scalar,loss,11000,,1,0.01575506,act-PickCube-v1-state-100demos/events.out.tfevents.1790055938.WP.1047248.0
act-PickCube-v1-state-100demos-seed1,training_scalar,loss,11100,,1,0.01554365,act-PickCube-v1-state-100demos/events.out.tfevents.1790055938.WP.1047248.0
act-PickCube-v1-state-100demos-seed1,training_scalar,loss,11200,,1,0.01557122,act-PickCube-v1-state-100demos/events.out.tfevents.1790055938.WP.1047248.0
act-PickCube-v1-state-100demos-seed1,training_scalar,loss,11300,,1,0.01683504,act-PickCube-v1-state-100demos/events.out.tfevents.1790055938.WP.1047248.0
act-PickCube-v1-state-100demos-seed1,training_scalar,loss,11400,,1,0.01662594,act-PickCube-v1-state-100demos/events.out.tfevents.1790055938.WP.1047248.0
act-PickCube-v1-state-100demos-seed1,training_scalar,loss,11500,,1,0.01580885,act-PickCube-v1-state-100demos/events.out.tfevents.1790055938.WP.1047248.0
act-PickCube-v1-state-100demos-seed1,training_scalar,loss,11600,,1,0.01496183,act-PickCube-v1-state-100demos/events.out.tfevents.1790055938.WP.1047248.0
act-PickCube-v1-state-100demos-seed1,training_scalar,loss,11700,,1,0.01445446,act-PickCube-v1-state-100demos/events.out.tfevents.1790055938.WP.1047248.0
act-PickCube-v1-state-100demos-seed1,training_scalar,loss,11800,,1,0.01498531,act-PickCube-v1-state-100demos/events.out.tfevents.1790055938.WP.1047248.0
act-PickCube-v1-state-100demos-seed1,training_scalar,loss,11900,,1,0.01570376,act-PickCube-v1-state-100demos/events.out.tfevents.1790055938.WP.1047248.0
act-PickCube-v1-state-100demos-seed1,training_scalar,loss,12000,,1,0.01591737,act-PickCube-v1-state-100demos/events.out.tfevents.1790055938.WP.1047248.0
act-PickCube-v1-state-100demos-seed1,training_scalar,loss,12100,,1,0.01508718,act-PickCube-v1-state-100demos/events.out.tfevents.1790055938.WP.1047248.0
act-PickCube-v1-state-100demos-seed1,training_scalar,loss,12200,,1,0.01608290,act-PickCube-v1-state-100demos/events.out.tfevents.1790055938.WP.1047248.0
act-PickCube-v1-state-100demos-seed1,training_scalar,loss,12300,,1,0.01595078,act-PickCube-v1-state-100demos/events.out.tfevents.1790055938.WP.1047248.0
act-PickCube-v1-state-100demos-seed1,training_scalar,loss,12400,,1,0.01487572,act-PickCube-v1-state-100demos/events.out.tfevents.1790055938.WP.1047248.0
act-PickCube-v1-state-100demos-seed1,training_scalar,loss,12500,,1,0.01526512,act-PickCube-v1-state-100demos/events.out.tfevents.1790055938.WP.1047248.0
act-PickCube-v1-state-100demos-seed1,training_scalar,loss,12600,,1,0.01632155,act-PickCube-v1-state-100demos/events.out.tfevents.1790055938.WP.1047248.0
act-PickCube-v1-state-100demos-seed1,training_scalar,loss,12700,,1,0.01521537,act-PickCube-v1-state-100demos/events.out.tfevents.1790055938.WP.1047248.0
act-PickCube-v1-state-100demos-seed1,training_scalar,loss,12800,,1,0.01381161,act-PickCube-v1-state-100demos/events.out.tfevents.1790055938.WP.1047248.0
act-PickCube-v1-state-100demos-seed1,training_scalar,loss,12900,,1,0.01477592,act-PickCube-v1-state-100demos/events.out.tfevents.1790055938.WP.1047248.0
act-PickCube-v1-state-100demos-seed1,training_scalar,loss,13000,,1,0.01456410,act-PickCube-v1-state-100demos/events.out.tfevents.1790055938.WP.1047248.0
act-PickCube-v1-state-100demos-seed1,training_scalar,loss,13100,,1,0.01533475,act-PickCube-v1-state-100demos/events.out.tfevents.1790055938.WP.1047248.0
act-PickCube-v1-state-100demos-seed1,training_scalar,loss,13200,,1,0.01570059,act-PickCube-v1-state-100demos/events.out.tfevents.1790055938.WP.1047248.0
act-PickCube-v1-state-100demos-seed1,training_scalar,loss,13300,,1,0.01629452,act-PickCube-v1-state-100demos/events.out.tfevents.1790055938.WP.1047248.0
act-PickCube-v1-state-100demos-seed1,training_scalar,loss,13400,,1,0.01526563,act-PickCube-v1-state-100demos/events.out.tfevents.1790055938.WP.1047248.0
act-PickCube-v1-state-100demos-seed1,training_scalar,loss,13500,,1,0.01523211,act-PickCube-v1-state-100demos/events.out.tfevents.1790055938.WP.1047248.0
act-PickCube-v1-state-100demos-seed1,training_scalar,loss,13600,,1,0.01551815,act-PickCube-v1-state-100demos/events.out.tfevents.1790055938.WP.1047248.0
act-PickCube-v1-state-100demos-seed1,training_scalar,loss,13700,,1,0.01439450,act-PickCube-v1-state-100demos/events.out.tfevents.1790055938.WP.1047248.0
act-PickCube-v1-state-100demos-seed1,training_scalar,loss,13800,,1,0.01463028,act-PickCube-v1-state-100demos/events.out.tfevents.1790055938.WP.1047248.0
act-PickCube-v1-state-100demos-seed1,training_scalar,loss,13900,,1,0.01481289,act-PickCube-v1-state-100demos/events.out.tfevents.1790055938.WP.1047248.0
act-PickCube-v1-state-100demos-seed1,training_scalar,loss,14000,,1,0.01549564,act-PickCube-v1-state-100demos/events.out.tfevents.1790055938.WP.1047248.0
act-PickCube-v1-state-100demos-seed1,training_scalar,loss,14100,,1,0.01475195,act-PickCube-v1-state-100demos/events.out.tfevents.1790055938.WP.1047248.0
act-PickCube-v1-state-100demos-seed1,training_scalar,loss,14200,,1,0.01489500,act-PickCube-v1-state-100demos/events.out.tfevents.1790055938.WP.1047248.0
act-PickCube-v1-state-100demos-seed1,training_scalar,loss,14300,,1,0.01524411,act-PickCube-v1-state-100demos/events.out.tfevents.1790055938.WP.1047248.0
act-PickCube-v1-state-100demos-seed1,training_scalar,loss,14400,,1,0.01364926,act-PickCube-v1-state-100demos/events.out.tfevents.1790055938.WP.1047248.0
act-PickCube-v1-state-100demos-seed1,training_scalar,loss,14500,,1,0.01424041,act-PickCube-v1-state-100demos/events.out.tfevents.1790055938.WP.1047248.0
act-PickCube-v1-state-100demos-seed1,training_scalar,loss,14600,,1,0.01427168,act-PickCube-v1-state-100demos/events.out.tfevents.1790055938.WP.1047248.0
act-PickCube-v1-state-100demos-seed1,training_scalar,loss,14700,,1,0.01418075,act-PickCube-v1-state-100demos/events.out.tfevents.1790055938.WP.1047248.0
act-PickCube-v1-state-100demos-seed1,training_scalar,loss,14800,,1,0.01396928,act-PickCube-v1-state-100demos/events.out.tfevents.1790055938.WP.1047248.0
act-PickCube-v1-state-100demos-seed1,training_scalar,loss,14900,,1,0.01385732,act-PickCube-v1-state-100demos/events.out.tfevents.1790055938.WP.1047248.0
act-PickCube-v1-state-100demos-seed1,training_scalar,loss,15000,,1,0.01467004,act-PickCube-v1-state-100demos/events.out.tfevents.1790055938.WP.1047248.0
act-PickCube-v1-state-100demos-seed1,training_scalar,loss,15100,,1,0.01397703,act-PickCube-v1-state-100demos/events.out.tfevents.1790055938.WP.1047248.0
act-PickCube-v1-state-100demos-seed1,training_scalar,loss,15200,,1,0.01385986,act-PickCube-v1-state-100demos/events.out.tfevents.1790055938.WP.1047248.0
act-PickCube-v1-state-100demos-seed1,training_scalar,loss,15300,,1,0.01349237,act-PickCube-v1-state-100demos/events.out.tfevents.1790055938.WP.1047248.0
act-PickCube-v1-state-100demos-seed1,training_scalar,loss,15400,,1,0.01364523,act-PickCube-v1-state-100demos/events.out.tfevents.1790055938.WP.1047248.0
act-PickCube-v1-state-100demos-seed1,training_scalar,loss,15500,,1,0.01431033,act-PickCube-v1-state-100demos/events.out.tfevents.1790055938.WP.1047248.0
act-PickCube-v1-state-100demos-seed1,training_scalar,loss,15600,,1,0.01520668,act-PickCube-v1-state-100demos/events.out.tfevents.1790055938.WP.1047248.0
act-PickCube-v1-state-100demos-seed1,training_scalar,loss,15700,,1,0.01447177,act-PickCube-v1-state-100demos/events.out.tfevents.1790055938.WP.1047248.0
act-PickCube-v1-state-100demos-seed1,training_scalar,loss,15800,,1,0.01403712,act-PickCube-v1-state-100demos/events.out.tfevents.1790055938.WP.1047248.0
act-PickCube-v1-state-100demos-seed1,training_scalar,loss,15900,,1,0.01328289,act-PickCube-v1-state-100demos/events.out.tfevents.1790055938.WP.1047248.0
act-PickCube-v1-state-100demos-seed1,training_scalar,loss,16000,,1,0.01343031,act-PickCube-v1-state-100demos/events.out.tfevents.1790055938.WP.1047248.0
act-PickCube-v1-state-100demos-seed1,training_scalar,loss,16100,,1,0.01374632,act-PickCube-v1-state-100demos/events.out.tfevents.1790055938.WP.1047248.0
act-PickCube-v1-state-100demos-seed1,training_scalar,loss,16200,,1,0.01376759,act-PickCube-v1-state-100demos/events.out.tfevents.1790055938.WP.1047248.0
act-PickCube-v1-state-100demos-seed1,training_scalar,loss,16300,,1,0.01311622,act-PickCube-v1-state-100demos/events.out.tfevents.1790055938.WP.1047248.0
act-PickCube-v1-state-100demos-seed1,training_scalar,loss,16400,,1,0.01418246,act-PickCube-v1-state-100demos/events.out.tfevents.1790055938.WP.1047248.0
act-PickCube-v1-state-100demos-seed1,training_scalar,loss,16500,,1,0.01386124,act-PickCube-v1-state-100demos/events.out.tfevents.1790055938.WP.1047248.0
act-PickCube-v1-state-100demos-seed1,training_scalar,loss,16600,,1,0.01513266,act-PickCube-v1-state-100demos/events.out.tfevents.1790055938.WP.1047248.0
act-PickCube-v1-state-100demos-seed1,training_scalar,loss,16700,,1,0.01322964,act-PickCube-v1-state-100demos/events.out.tfevents.1790055938.WP.1047248.0
act-PickCube-v1-state-100demos-seed1,training_scalar,loss,16800,,1,0.01450763,act-PickCube-v1-state-100demos/events.out.tfevents.1790055938.WP.1047248.0
act-PickCube-v1-state-100demos-seed1,training_scalar,loss,16900,,1,0.01395502,act-PickCube-v1-state-100demos/events.out.tfevents.1790055938.WP.1047248.0
act-PickCube-v1-state-100demos-seed1,training_scalar,loss,17000,,1,0.01345218,act-PickCube-v1-state-100demos/events.out.tfevents.1790055938.WP.1047248.0
act-PickCube-v1-state-100demos-seed1,training_scalar,loss,17100,,1,0.01372781,act-PickCube-v1-state-100demos/events.out.tfevents.1790055938.WP.1047248.0
act-PickCube-v1-state-100demos-seed1,training_scalar,loss,17200,,1,0.01401791,act-PickCube-v1-state-100demos/events.out.tfevents.1790055938.WP.1047248.0
act-PickCube-v1-state-100demos-seed1,training_scalar,loss,17300,,1,0.01375129,act-PickCube-v1-state-100demos/events.out.tfevents.1790055938.WP.1047248.0
act-PickCube-v1-state-100demos-seed1,training_scalar,loss,17400,,1,0.01307250,act-PickCube-v1-state-100demos/events.out.tfevents.1790055938.WP.1047248.0
act-PickCube-v1-state-100demos-seed1,training_scalar,loss,17500,,1,0.01289015,act-PickCube-v1-state-100demos/events.out.tfevents.1790055938.WP.1047248.0
act-PickCube-v1-state-100demos-seed1,training_scalar,loss,17600,,1,0.01289325,act-PickCube-v1-state-100demos/events.out.tfevents.1790055938.WP.1047248.0
act-PickCube-v1-state-100demos-seed1,training_scalar,loss,17700,,1,0.01274067,act-PickCube-v1-state-100demos/events.out.tfevents.1790055938.WP.1047248.0
act-PickCube-v1-state-100demos-seed1,training_scalar,loss,17800,,1,0.01398958,act-PickCube-v1-state-100demos/events.out.tfevents.1790055938.WP.1047248.0
act-PickCube-v1-state-100demos-seed1,training_scalar,loss,17900,,1,0.01276528,act-PickCube-v1-state-100demos/events.out.tfevents.1790055938.WP.1047248.0
act-PickCube-v1-state-100demos-seed1,training_scalar,loss,18000,,1,0.01241555,act-PickCube-v1-state-100demos/events.out.tfevents.1790055938.WP.1047248.0
act-PickCube-v1-state-100demos-seed1,training_scalar,loss,18100,,1,0.01279873,act-PickCube-v1-state-100demos/events.out.tfevents.1790055938.WP.1047248.0
act-PickCube-v1-state-100demos-seed1,training_scalar,loss,18200,,1,0.01303355,act-PickCube-v1-state-100demos/events.out.tfevents.1790055938.WP.1047248.0
act-PickCube-v1-state-100demos-seed1,training_scalar,loss,18300,,1,0.01266898,act-PickCube-v1-state-100demos/events.out.tfevents.1790055938.WP.1047248.0
act-PickCube-v1-state-100demos-seed1,training_scalar,loss,18400,,1,0.01256134,act-PickCube-v1-state-100demos/events.out.tfevents.1790055938.WP.1047248.0
act-PickCube-v1-state-100demos-seed1,training_scalar,loss,18500,,1,0.01328094,act-PickCube-v1-state-100demos/events.out.tfevents.1790055938.WP.1047248.0
act-PickCube-v1-state-100demos-seed1,training_scalar,loss,18600,,1,0.01263938,act-PickCube-v1-state-100demos/events.out.tfevents.1790055938.WP.1047248.0
act-PickCube-v1-state-100demos-seed1,training_scalar,loss,18700,,1,0.01234862,act-PickCube-v1-state-100demos/events.out.tfevents.1790055938.WP.1047248.0
act-PickCube-v1-state-100demos-seed1,training_scalar,loss,18800,,1,0.01212810,act-PickCube-v1-state-100demos/events.out.tfevents.1790055938.WP.1047248.0
act-PickCube-v1-state-100demos-seed1,training_scalar,loss,18900,,1,0.01259395,act-PickCube-v1-state-100demos/events.out.tfevents.1790055938.WP.1047248.0
act-PickCube-v1-state-100demos-seed1,training_scalar,loss,19000,,1,0.01339744,act-PickCube-v1-state-100demos/events.out.tfevents.1790055938.WP.1047248.0
act-PickCube-v1-state-100demos-seed1,training_scalar,loss,19100,,1,0.01282375,act-PickCube-v1-state-100demos/events.out.tfevents.1790055938.WP.1047248.0
act-PickCube-v1-state-100demos-seed1,training_scalar,loss,19200,,1,0.01337293,act-PickCube-v1-state-100demos/events.out.tfevents.1790055938.WP.1047248.0
act-PickCube-v1-state-100demos-seed1,training_scalar,loss,19300,,1,0.01409023,act-PickCube-v1-state-100demos/events.out.tfevents.1790055938.WP.1047248.0
act-PickCube-v1-state-100demos-seed1,training_scalar,loss,19400,,1,0.01242484,act-PickCube-v1-state-100demos/events.out.tfevents.1790055938.WP.1047248.0
act-PickCube-v1-state-100demos-seed1,training_scalar,loss,19500,,1,0.01301726,act-PickCube-v1-state-100demos/events.out.tfevents.1790055938.WP.1047248.0
act-PickCube-v1-state-100demos-seed1,training_scalar,loss,19600,,1,0.01297793,act-PickCube-v1-state-100demos/events.out.tfevents.1790055938.WP.1047248.0
act-PickCube-v1-state-100demos-seed1,training_scalar,loss,19700,,1,0.01273723,act-PickCube-v1-state-100demos/events.out.tfevents.1790055938.WP.1047248.0
act-PickCube-v1-state-100demos-seed1,training_scalar,loss,19800,,1,0.01329882,act-PickCube-v1-state-100demos/events.out.tfevents.1790055938.WP.1047248.0
act-PickCube-v1-state-100demos-seed1,training_scalar,loss,19900,,1,0.01314198,act-PickCube-v1-state-100demos/events.out.tfevents.1790055938.WP.1047248.0
act-PickCube-v1-state-100demos-seed1,training_scalar,loss,20000,,1,0.01209402,act-PickCube-v1-state-100demos/events.out.tfevents.1790055938.WP.1047248.0
act-PickCube-v1-state-100demos-seed1,training_scalar,loss,20100,,1,0.01130781,act-PickCube-v1-state-100demos/events.out.tfevents.1790055938.WP.1047248.0
act-PickCube-v1-state-100demos-seed1,training_scalar,loss,20200,,1,0.01240304,act-PickCube-v1-state-100demos/events.out.tfevents.1790055938.WP.1047248.0
act-PickCube-v1-state-100demos-seed1,training_scalar,loss,20300,,1,0.01056192,act-PickCube-v1-state-100demos/events.out.tfevents.1790055938.WP.1047248.0
act-PickCube-v1-state-100demos-seed1,training_scalar,loss,20400,,1,0.01143989,act-PickCube-v1-state-100demos/events.out.tfevents.1790055938.WP.1047248.0
act-PickCube-v1-state-100demos-seed1,training_scalar,loss,20500,,1,0.01105573,act-PickCube-v1-state-100demos/events.out.tfevents.1790055938.WP.1047248.0
act-PickCube-v1-state-100demos-seed1,training_scalar,loss,20600,,1,0.01087635,act-PickCube-v1-state-100demos/events.out.tfevents.1790055938.WP.1047248.0
act-PickCube-v1-state-100demos-seed1,training_scalar,loss,20700,,1,0.01157264,act-PickCube-v1-state-100demos/events.out.tfevents.1790055938.WP.1047248.0
act-PickCube-v1-state-100demos-seed1,training_scalar,loss,20800,,1,0.01096914,act-PickCube-v1-state-100demos/events.out.tfevents.1790055938.WP.1047248.0
act-PickCube-v1-state-100demos-seed1,training_scalar,loss,20900,,1,0.01154520,act-PickCube-v1-state-100demos/events.out.tfevents.1790055938.WP.1047248.0
act-PickCube-v1-state-100demos-seed1,training_scalar,loss,21000,,1,0.01086416,act-PickCube-v1-state-100demos/events.out.tfevents.1790055938.WP.1047248.0
act-PickCube-v1-state-100demos-seed1,training_scalar,loss,21100,,1,0.01164630,act-PickCube-v1-state-100demos/events.out.tfevents.1790055938.WP.1047248.0
act-PickCube-v1-state-100demos-seed1,training_scalar,loss,21200,,1,0.01152913,act-PickCube-v1-state-100demos/events.out.tfevents.1790055938.WP.1047248.0
act-PickCube-v1-state-100demos-seed1,training_scalar,loss,21300,,1,0.01162705,act-PickCube-v1-state-100demos/events.out.tfevents.1790055938.WP.1047248.0
act-PickCube-v1-state-100demos-seed1,training_scalar,loss,21400,,1,0.01081546,act-PickCube-v1-state-100demos/events.out.tfevents.1790055938.WP.1047248.0
act-PickCube-v1-state-100demos-seed1,training_scalar,loss,21500,,1,0.01087630,act-PickCube-v1-state-100demos/events.out.tfevents.1790055938.WP.1047248.0
act-PickCube-v1-state-100demos-seed1,training_scalar,loss,21600,,1,0.01093680,act-PickCube-v1-state-100demos/events.out.tfevents.1790055938.WP.1047248.0
act-PickCube-v1-state-100demos-seed1,training_scalar,loss,21700,,1,0.01125282,act-PickCube-v1-state-100demos/events.out.tfevents.1790055938.WP.1047248.0
act-PickCube-v1-state-100demos-seed1,training_scalar,loss,21800,,1,0.01171402,act-PickCube-v1-state-100demos/events.out.tfevents.1790055938.WP.1047248.0
act-PickCube-v1-state-100demos-seed1,training_scalar,loss,21900,,1,0.01074607,act-PickCube-v1-state-100demos/events.out.tfevents.1790055938.WP.1047248.0
act-PickCube-v1-state-100demos-seed1,training_scalar,loss,22000,,1,0.01172638,act-PickCube-v1-state-100demos/events.out.tfevents.1790055938.WP.1047248.0
act-PickCube-v1-state-100demos-seed1,training_scalar,loss,22100,,1,0.01174569,act-PickCube-v1-state-100demos/events.out.tfevents.1790055938.WP.1047248.0
act-PickCube-v1-state-100demos-seed1,training_scalar,loss,22200,,1,0.01139109,act-PickCube-v1-state-100demos/events.out.tfevents.1790055938.WP.1047248.0
act-PickCube-v1-state-100demos-seed1,training_scalar,loss,22300,,1,0.01154944,act-PickCube-v1-state-100demos/events.out.tfevents.1790055938.WP.1047248.0
act-PickCube-v1-state-100demos-seed1,training_scalar,loss,22400,,1,0.01148863,act-PickCube-v1-state-100demos/events.out.tfevents.1790055938.WP.1047248.0
act-PickCube-v1-state-100demos-seed1,training_scalar,loss,22500,,1,0.01092584,act-PickCube-v1-state-100demos/events.out.tfevents.1790055938.WP.1047248.0
act-PickCube-v1-state-100demos-seed1,training_scalar,loss,22600,,1,0.01119832,act-PickCube-v1-state-100demos/events.out.tfevents.1790055938.WP.1047248.0
act-PickCube-v1-state-100demos-seed1,training_scalar,loss,22700,,1,0.01081436,act-PickCube-v1-state-100demos/events.out.tfevents.1790055938.WP.1047248.0
act-PickCube-v1-state-100demos-seed1,training_scalar,loss,22800,,1,0.01170717,act-PickCube-v1-state-100demos/events.out.tfevents.1790055938.WP.1047248.0
act-PickCube-v1-state-100demos-seed1,training_scalar,loss,22900,,1,0.01171860,act-PickCube-v1-state-100demos/events.out.tfevents.1790055938.WP.1047248.0
act-PickCube-v1-state-100demos-seed1,training_scalar,loss,23000,,1,0.01149534,act-PickCube-v1-state-100demos/events.out.tfevents.1790055938.WP.1047248.0
act-PickCube-v1-state-100demos-seed1,training_scalar,loss,23100,,1,0.01109049,act-PickCube-v1-state-100demos/events.out.tfevents.1790055938.WP.1047248.0
act-PickCube-v1-state-100demos-seed1,training_scalar,loss,23200,,1,0.01078501,act-PickCube-v1-state-100demos/events.out.tfevents.1790055938.WP.1047248.0
act-PickCube-v1-state-100demos-seed1,training_scalar,loss,23300,,1,0.01099954,act-PickCube-v1-state-100demos/events.out.tfevents.1790055938.WP.1047248.0
act-PickCube-v1-state-100demos-seed1,training_scalar,loss,23400,,1,0.01100687,act-PickCube-v1-state-100demos/events.out.tfevents.1790055938.WP.1047248.0
act-PickCube-v1-state-100demos-seed1,training_scalar,loss,23500,,1,0.01144533,act-PickCube-v1-state-100demos/events.out.tfevents.1790055938.WP.1047248.0
act-PickCube-v1-state-100demos-seed1,training_scalar,loss,23600,,1,0.01140983,act-PickCube-v1-state-100demos/events.out.tfevents.1790055938.WP.1047248.0
act-PickCube-v1-state-100demos-seed1,training_scalar,loss,23700,,1,0.01032906,act-PickCube-v1-state-100demos/events.out.tfevents.1790055938.WP.1047248.0
act-PickCube-v1-state-100demos-seed1,training_scalar,loss,23800,,1,0.01063851,act-PickCube-v1-state-100demos/events.out.tfevents.1790055938.WP.1047248.0
act-PickCube-v1-state-100demos-seed1,training_scalar,loss,23900,,1,0.01112537,act-PickCube-v1-state-100demos/events.out.tfevents.1790055938.WP.1047248.0
act-PickCube-v1-state-100demos-seed1,training_scalar,loss,24000,,1,0.01115724,act-PickCube-v1-state-100demos/events.out.tfevents.1790055938.WP.1047248.0
act-PickCube-v1-state-100demos-seed1,training_scalar,loss,24100,,1,0.01113463,act-PickCube-v1-state-100demos/events.out.tfevents.1790055938.WP.1047248.0
act-PickCube-v1-state-100demos-seed1,training_scalar,loss,24200,,1,0.01118829,act-PickCube-v1-state-100demos/events.out.tfevents.1790055938.WP.1047248.0
act-PickCube-v1-state-100demos-seed1,training_scalar,loss,24300,,1,0.01140795,act-PickCube-v1-state-100demos/events.out.tfevents.1790055938.WP.1047248.0
act-PickCube-v1-state-100demos-seed1,training_scalar,loss,24400,,1,0.01096954,act-PickCube-v1-state-100demos/events.out.tfevents.1790055938.WP.1047248.0
act-PickCube-v1-state-100demos-seed1,training_scalar,loss,24500,,1,0.01102927,act-PickCube-v1-state-100demos/events.out.tfevents.1790055938.WP.1047248.0
act-PickCube-v1-state-100demos-seed1,training_scalar,loss,24600,,1,0.01159353,act-PickCube-v1-state-100demos/events.out.tfevents.1790055938.WP.1047248.0
act-PickCube-v1-state-100demos-seed1,training_scalar,loss,24700,,1,0.01150016,act-PickCube-v1-state-100demos/events.out.tfevents.1790055938.WP.1047248.0
act-PickCube-v1-state-100demos-seed1,training_scalar,loss,24800,,1,0.01087968,act-PickCube-v1-state-100demos/events.out.tfevents.1790055938.WP.1047248.0
act-PickCube-v1-state-100demos-seed1,training_scalar,loss,24900,,1,0.01097507,act-PickCube-v1-state-100demos/events.out.tfevents.1790055938.WP.1047248.0
act-PickCube-v1-state-100demos-seed1,training_scalar,loss,25000,,1,0.01076406,act-PickCube-v1-state-100demos/events.out.tfevents.1790055938.WP.1047248.0
act-PickCube-v1-state-100demos-seed1,training_scalar,loss,25100,,1,0.01075193,act-PickCube-v1-state-100demos/events.out.tfevents.1790055938.WP.1047248.0
act-PickCube-v1-state-100demos-seed1,training_scalar,loss,25200,,1,0.01168047,act-PickCube-v1-state-100demos/events.out.tfevents.1790055938.WP.1047248.0
act-PickCube-v1-state-100demos-seed1,training_scalar,loss,25300,,1,0.01097633,act-PickCube-v1-state-100demos/events.out.tfevents.1790055938.WP.1047248.0
act-PickCube-v1-state-100demos-seed1,training_scalar,loss,25400,,1,0.01143358,act-PickCube-v1-state-100demos/events.out.tfevents.1790055938.WP.1047248.0
act-PickCube-v1-state-100demos-seed1,training_scalar,loss,25500,,1,0.01161072,act-PickCube-v1-state-100demos/events.out.tfevents.1790055938.WP.1047248.0
act-PickCube-v1-state-100demos-seed1,training_scalar,loss,25600,,1,0.01101935,act-PickCube-v1-state-100demos/events.out.tfevents.1790055938.WP.1047248.0
act-PickCube-v1-state-100demos-seed1,training_scalar,loss,25700,,1,0.01093446,act-PickCube-v1-state-100demos/events.out.tfevents.1790055938.WP.1047248.0
act-PickCube-v1-state-100demos-seed1,training_scalar,loss,25800,,1,0.01096704,act-PickCube-v1-state-100demos/events.out.tfevents.1790055938.WP.1047248.0
act-PickCube-v1-state-100demos-seed1,training_scalar,loss,25900,,1,0.01132857,act-PickCube-v1-state-100demos/events.out.tfevents.1790055938.WP.1047248.0
act-PickCube-v1-state-100demos-seed1,training_scalar,loss,26000,,1,0.01119260,act-PickCube-v1-state-100demos/events.out.tfevents.1790055938.WP.1047248.0
act-PickCube-v1-state-100demos-seed1,training_scalar,loss,26100,,1,0.01083908,act-PickCube-v1-state-100demos/events.out.tfevents.1790055938.WP.1047248.0
act-PickCube-v1-state-100demos-seed1,training_scalar,loss,26200,,1,0.01155585,act-PickCube-v1-state-100demos/events.out.tfevents.1790055938.WP.1047248.0
act-PickCube-v1-state-100demos-seed1,training_scalar,loss,26300,,1,0.01076789,act-PickCube-v1-state-100demos/events.out.tfevents.1790055938.WP.1047248.0
act-PickCube-v1-state-100demos-seed1,training_scalar,loss,26400,,1,0.01096589,act-PickCube-v1-state-100demos/events.out.tfevents.1790055938.WP.1047248.0
act-PickCube-v1-state-100demos-seed1,training_scalar,loss,26500,,1,0.01080347,act-PickCube-v1-state-100demos/events.out.tfevents.1790055938.WP.1047248.0
act-PickCube-v1-state-100demos-seed1,training_scalar,loss,26600,,1,0.01098758,act-PickCube-v1-state-100demos/events.out.tfevents.1790055938.WP.1047248.0
act-PickCube-v1-state-100demos-seed1,training_scalar,loss,26700,,1,0.01086960,act-PickCube-v1-state-100demos/events.out.tfevents.1790055938.WP.1047248.0
act-PickCube-v1-state-100demos-seed1,training_scalar,loss,26800,,1,0.01039298,act-PickCube-v1-state-100demos/events.out.tfevents.1790055938.WP.1047248.0
act-PickCube-v1-state-100demos-seed1,training_scalar,loss,26900,,1,0.01135099,act-PickCube-v1-state-100demos/events.out.tfevents.1790055938.WP.1047248.0
act-PickCube-v1-state-100demos-seed1,training_scalar,loss,27000,,1,0.01076385,act-PickCube-v1-state-100demos/events.out.tfevents.1790055938.WP.1047248.0
act-PickCube-v1-state-100demos-seed1,training_scalar,loss,27100,,1,0.01118243,act-PickCube-v1-state-100demos/events.out.tfevents.1790055938.WP.1047248.0
act-PickCube-v1-state-100demos-seed1,training_scalar,loss,27200,,1,0.01067810,act-PickCube-v1-state-100demos/events.out.tfevents.1790055938.WP.1047248.0
act-PickCube-v1-state-100demos-seed1,training_scalar,loss,27300,,1,0.01141791,act-PickCube-v1-state-100demos/events.out.tfevents.1790055938.WP.1047248.0
act-PickCube-v1-state-100demos-seed1,training_scalar,loss,27400,,1,0.01128729,act-PickCube-v1-state-100demos/events.out.tfevents.1790055938.WP.1047248.0
act-PickCube-v1-state-100demos-seed1,training_scalar,loss,27500,,1,0.01060060,act-PickCube-v1-state-100demos/events.out.tfevents.1790055938.WP.1047248.0
act-PickCube-v1-state-100demos-seed1,training_scalar,loss,27600,,1,0.01082677,act-PickCube-v1-state-100demos/events.out.tfevents.1790055938.WP.1047248.0
act-PickCube-v1-state-100demos-seed1,training_scalar,loss,27700,,1,0.01076294,act-PickCube-v1-state-100demos/events.out.tfevents.1790055938.WP.1047248.0
act-PickCube-v1-state-100demos-seed1,training_scalar,loss,27800,,1,0.01084167,act-PickCube-v1-state-100demos/events.out.tfevents.1790055938.WP.1047248.0
act-PickCube-v1-state-100demos-seed1,training_scalar,loss,27900,,1,0.01074424,act-PickCube-v1-state-100demos/events.out.tfevents.1790055938.WP.1047248.0
act-PickCube-v1-state-100demos-seed1,training_scalar,loss,28000,,1,0.01015527,act-PickCube-v1-state-100demos/events.out.tfevents.1790055938.WP.1047248.0
act-PickCube-v1-state-100demos-seed1,training_scalar,loss,28100,,1,0.01087381,act-PickCube-v1-state-100demos/events.out.tfevents.1790055938.WP.1047248.0
act-PickCube-v1-state-100demos-seed1,training_scalar,loss,28200,,1,0.01064963,act-PickCube-v1-state-100demos/events.out.tfevents.1790055938.WP.1047248.0
act-PickCube-v1-state-100demos-seed1,training_scalar,loss,28300,,1,0.01103754,act-PickCube-v1-state-100demos/events.out.tfevents.1790055938.WP.1047248.0
act-PickCube-v1-state-100demos-seed1,training_scalar,loss,28400,,1,0.01109856,act-PickCube-v1-state-100demos/events.out.tfevents.1790055938.WP.1047248.0
act-PickCube-v1-state-100demos-seed1,training_scalar,loss,28500,,1,0.01046181,act-PickCube-v1-state-100demos/events.out.tfevents.1790055938.WP.1047248.0
act-PickCube-v1-state-100demos-seed1,training_scalar,loss,28600,,1,0.01106300,act-PickCube-v1-state-100demos/events.out.tfevents.1790055938.WP.1047248.0
act-PickCube-v1-state-100demos-seed1,training_scalar,loss,28700,,1,0.01094099,act-PickCube-v1-state-100demos/events.out.tfevents.1790055938.WP.1047248.0
act-PickCube-v1-state-100demos-seed1,training_scalar,loss,28800,,1,0.01111075,act-PickCube-v1-state-100demos/events.out.tfevents.1790055938.WP.1047248.0
act-PickCube-v1-state-100demos-seed1,training_scalar,loss,28900,,1,0.01088181,act-PickCube-v1-state-100demos/events.out.tfevents.1790055938.WP.1047248.0
act-PickCube-v1-state-100demos-seed1,training_scalar,loss,29000,,1,0.01063984,act-PickCube-v1-state-100demos/events.out.tfevents.1790055938.WP.1047248.0
act-PickCube-v1-state-100demos-seed1,training_scalar,loss,29100,,1,0.01042910,act-PickCube-v1-state-100demos/events.out.tfevents.1790055938.WP.1047248.0
act-PickCube-v1-state-100demos-seed1,training_scalar,loss,29200,,1,0.01117476,act-PickCube-v1-state-100demos/events.out.tfevents.1790055938.WP.1047248.0
act-PickCube-v1-state-100demos-seed1,training_scalar,loss,29300,,1,0.01085056,act-PickCube-v1-state-100demos/events.out.tfevents.1790055938.WP.1047248.0
act-PickCube-v1-state-100demos-seed1,training_scalar,loss,29400,,1,0.01068294,act-PickCube-v1-state-100demos/events.out.tfevents.1790055938.WP.1047248.0
act-PickCube-v1-state-100demos-seed1,training_scalar,loss,29500,,1,0.01075613,act-PickCube-v1-state-100demos/events.out.tfevents.1790055938.WP.1047248.0
act-PickCube-v1-state-100demos-seed1,training_scalar,loss,29600,,1,0.01118833,act-PickCube-v1-state-100demos/events.out.tfevents.1790055938.WP.1047248.0
act-PickCube-v1-state-100demos-seed1,training_scalar,loss,29700,,1,0.01077336,act-PickCube-v1-state-100demos/events.out.tfevents.1790055938.WP.1047248.0
act-PickCube-v1-state-100demos-seed1,training_scalar,loss,29800,,1,0.01092468,act-PickCube-v1-state-100demos/events.out.tfevents.1790055938.WP.1047248.0
act-PickCube-v1-state-100demos-seed1,training_scalar,loss,29900,,1,0.01063664,act-PickCube-v1-state-100demos/events.out.tfevents.1790055938.WP.1047248.0
act-PickCube-v1-state-100demos-seed1,training_periodic_eval,success_once,0,100,1,0.01000000,act-PickCube-v1-state-100demos/events.out.tfevents.1790055938.WP.1047248.0
act-PickCube-v1-state-100demos-seed1,training_periodic_eval,success_once,5000,100,1,0.15000001,act-PickCube-v1-state-100demos/events.out.tfevents.1790055938.WP.1047248.0
act-PickCube-v1-state-100demos-seed1,training_periodic_eval,success_once,10000,100,1,0.75000000,act-PickCube-v1-state-100demos/events.out.tfevents.1790055938.WP.1047248.0
act-PickCube-v1-state-100demos-seed1,training_periodic_eval,success_once,15000,100,1,0.68000001,act-PickCube-v1-state-100demos/events.out.tfevents.1790055938.WP.1047248.0
act-PickCube-v1-state-100demos-seed1,training_periodic_eval,success_once,20000,100,1,0.64999998,act-PickCube-v1-state-100demos/events.out.tfevents.1790055938.WP.1047248.0
act-PickCube-v1-state-100demos-seed1,training_periodic_eval,success_once,25000,100,1,0.68000001,act-PickCube-v1-state-100demos/events.out.tfevents.1790055938.WP.1047248.0
act-PickCube-v1-state-100demos-seed1,training_periodic_eval,success_at_end,0,100,1,0.00000000,act-PickCube-v1-state-100demos/events.out.tfevents.1790055938.WP.1047248.0
act-PickCube-v1-state-100demos-seed1,training_periodic_eval,success_at_end,5000,100,1,0.12000000,act-PickCube-v1-state-100demos/events.out.tfevents.1790055938.WP.1047248.0
act-PickCube-v1-state-100demos-seed1,training_periodic_eval,success_at_end,10000,100,1,0.68000001,act-PickCube-v1-state-100demos/events.out.tfevents.1790055938.WP.1047248.0
act-PickCube-v1-state-100demos-seed1,training_periodic_eval,success_at_end,15000,100,1,0.55000001,act-PickCube-v1-state-100demos/events.out.tfevents.1790055938.WP.1047248.0
act-PickCube-v1-state-100demos-seed1,training_periodic_eval,success_at_end,20000,100,1,0.54000002,act-PickCube-v1-state-100demos/events.out.tfevents.1790055938.WP.1047248.0
act-PickCube-v1-state-100demos-seed1,training_periodic_eval,success_at_end,25000,100,1,0.60000002,act-PickCube-v1-state-100demos/events.out.tfevents.1790055938.WP.1047248.0
act-PickCube-v1-state-100demos-seed1,training_periodic_eval,return,0,100,1,0.16000000,act-PickCube-v1-state-100demos/events.out.tfevents.1790055938.WP.1047248.0
act-PickCube-v1-state-100demos-seed1,training_periodic_eval,return,5000,100,1,4.19999981,act-PickCube-v1-state-100demos/events.out.tfevents.1790055938.WP.1047248.0
act-PickCube-v1-state-100demos-seed1,training_periodic_eval,return,10000,100,1,20.79000092,act-PickCube-v1-state-100demos/events.out.tfevents.1790055938.WP.1047248.0
act-PickCube-v1-state-100demos-seed1,training_periodic_eval,return,15000,100,1,16.39999962,act-PickCube-v1-state-100demos/events.out.tfevents.1790055938.WP.1047248.0
act-PickCube-v1-state-100demos-seed1,training_periodic_eval,return,20000,100,1,16.80999947,act-PickCube-v1-state-100demos/events.out.tfevents.1790055938.WP.1047248.0
act-PickCube-v1-state-100demos-seed1,training_periodic_eval,return,25000,100,1,16.60000038,act-PickCube-v1-state-100demos/events.out.tfevents.1790055938.WP.1047248.0
act-PickCube-v1-state-100demos-seed1,training_periodic_eval,reward,0,100,1,0.00160000,act-PickCube-v1-state-100demos/events.out.tfevents.1790055938.WP.1047248.0
act-PickCube-v1-state-100demos-seed1,training_periodic_eval,reward,5000,100,1,0.04200000,act-PickCube-v1-state-100demos/events.out.tfevents.1790055938.WP.1047248.0
act-PickCube-v1-state-100demos-seed1,training_periodic_eval,reward,10000,100,1,0.20790000,act-PickCube-v1-state-100demos/events.out.tfevents.1790055938.WP.1047248.0
act-PickCube-v1-state-100demos-seed1,training_periodic_eval,reward,15000,100,1,0.16400000,act-PickCube-v1-state-100demos/events.out.tfevents.1790055938.WP.1047248.0
act-PickCube-v1-state-100demos-seed1,training_periodic_eval,reward,20000,100,1,0.16810000,act-PickCube-v1-state-100demos/events.out.tfevents.1790055938.WP.1047248.0
act-PickCube-v1-state-100demos-seed1,training_periodic_eval,reward,25000,100,1,0.16599999,act-PickCube-v1-state-100demos/events.out.tfevents.1790055938.WP.1047248.0
best_eval_success_at_end,checkpoint_video_eval,success_once,,100,0,0.76000000,act-PickCube-v1-state-100demos/videos/best_eval_success_at_end/seed-0/metrics.json
best_eval_success_at_end,checkpoint_video_eval,success_at_end,,100,0,0.69000000,act-PickCube-v1-state-100demos/videos/best_eval_success_at_end/seed-0/metrics.json
best_eval_success_at_end,checkpoint_video_eval,return,,100,0,20.72000000,act-PickCube-v1-state-100demos/videos/best_eval_success_at_end/seed-0/metrics.json
best_eval_success_at_end,checkpoint_video_eval,reward,,100,0,0.20720000,act-PickCube-v1-state-100demos/videos/best_eval_success_at_end/seed-0/metrics.json
best_eval_success_at_end,checkpoint_video_eval,episode_len,,100,0,100.00000000,act-PickCube-v1-state-100demos/videos/best_eval_success_at_end/seed-0/metrics.json
best_eval_success_at_end,checkpoint_video_eval,success_once,,100,1,0.78000000,act-PickCube-v1-state-100demos/videos/best_eval_success_at_end/seed-1/metrics.json
best_eval_success_at_end,checkpoint_video_eval,success_at_end,,100,1,0.71000000,act-PickCube-v1-state-100demos/videos/best_eval_success_at_end/seed-1/metrics.json
best_eval_success_at_end,checkpoint_video_eval,return,,100,1,21.00000000,act-PickCube-v1-state-100demos/videos/best_eval_success_at_end/seed-1/metrics.json
best_eval_success_at_end,checkpoint_video_eval,reward,,100,1,0.21000000,act-PickCube-v1-state-100demos/videos/best_eval_success_at_end/seed-1/metrics.json
best_eval_success_at_end,checkpoint_video_eval,episode_len,,100,1,100.00000000,act-PickCube-v1-state-100demos/videos/best_eval_success_at_end/seed-1/metrics.json
best_eval_success_at_end,checkpoint_video_eval,success_once,,100,2,0.72000000,act-PickCube-v1-state-100demos/videos/best_eval_success_at_end/seed-2/metrics.json
best_eval_success_at_end,checkpoint_video_eval,success_at_end,,100,2,0.64000000,act-PickCube-v1-state-100demos/videos/best_eval_success_at_end/seed-2/metrics.json
best_eval_success_at_end,checkpoint_video_eval,return,,100,2,20.01000000,act-PickCube-v1-state-100demos/videos/best_eval_success_at_end/seed-2/metrics.json
best_eval_success_at_end,checkpoint_video_eval,reward,,100,2,0.20010000,act-PickCube-v1-state-100demos/videos/best_eval_success_at_end/seed-2/metrics.json
best_eval_success_at_end,checkpoint_video_eval,episode_len,,100,2,100.00000000,act-PickCube-v1-state-100demos/videos/best_eval_success_at_end/seed-2/metrics.json
act-PickCube-v1-rgb-100demos-seed1,training_scalar,loss,0,,1,77.85551453,act-PickCube-v1-rgb-100demos-seed1/events.out.tfevents.1790218111.WP.3361031.0
act-PickCube-v1-rgb-100demos-seed1,training_scalar,loss,100,,1,2.35965824,act-PickCube-v1-rgb-100demos-seed1/events.out.tfevents.1790218111.WP.3361031.0
act-PickCube-v1-rgb-100demos-seed1,training_scalar,loss,200,,1,1.29187465,act-PickCube-v1-rgb-100demos-seed1/events.out.tfevents.1790218111.WP.3361031.0
act-PickCube-v1-rgb-100demos-seed1,training_scalar,loss,300,,1,1.22326672,act-PickCube-v1-rgb-100demos-seed1/events.out.tfevents.1790218111.WP.3361031.0
act-PickCube-v1-rgb-100demos-seed1,training_scalar,loss,400,,1,0.86117834,act-PickCube-v1-rgb-100demos-seed1/events.out.tfevents.1790218111.WP.3361031.0
act-PickCube-v1-rgb-100demos-seed1,training_scalar,loss,500,,1,0.53653097,act-PickCube-v1-rgb-100demos-seed1/events.out.tfevents.1790218111.WP.3361031.0
act-PickCube-v1-rgb-100demos-seed1,training_scalar,loss,600,,1,0.41602653,act-PickCube-v1-rgb-100demos-seed1/events.out.tfevents.1790218111.WP.3361031.0
act-PickCube-v1-rgb-100demos-seed1,training_scalar,loss,700,,1,0.36322448,act-PickCube-v1-rgb-100demos-seed1/events.out.tfevents.1790218111.WP.3361031.0
act-PickCube-v1-rgb-100demos-seed1,training_scalar,loss,800,,1,0.23774369,act-PickCube-v1-rgb-100demos-seed1/events.out.tfevents.1790218111.WP.3361031.0
act-PickCube-v1-rgb-100demos-seed1,training_scalar,loss,900,,1,0.31552213,act-PickCube-v1-rgb-100demos-seed1/events.out.tfevents.1790218111.WP.3361031.0
act-PickCube-v1-rgb-100demos-seed1,training_scalar,loss,1000,,1,0.17641568,act-PickCube-v1-rgb-100demos-seed1/events.out.tfevents.1790218111.WP.3361031.0
act-PickCube-v1-rgb-100demos-seed1,training_scalar,loss,1100,,1,0.18112692,act-PickCube-v1-rgb-100demos-seed1/events.out.tfevents.1790218111.WP.3361031.0
act-PickCube-v1-rgb-100demos-seed1,training_scalar,loss,1200,,1,0.16066045,act-PickCube-v1-rgb-100demos-seed1/events.out.tfevents.1790218111.WP.3361031.0
act-PickCube-v1-rgb-100demos-seed1,training_scalar,loss,1300,,1,0.20281170,act-PickCube-v1-rgb-100demos-seed1/events.out.tfevents.1790218111.WP.3361031.0
act-PickCube-v1-rgb-100demos-seed1,training_scalar,loss,1400,,1,0.14726116,act-PickCube-v1-rgb-100demos-seed1/events.out.tfevents.1790218111.WP.3361031.0
act-PickCube-v1-rgb-100demos-seed1,training_scalar,loss,1500,,1,0.11623050,act-PickCube-v1-rgb-100demos-seed1/events.out.tfevents.1790218111.WP.3361031.0
act-PickCube-v1-rgb-100demos-seed1,training_scalar,loss,1600,,1,0.11594227,act-PickCube-v1-rgb-100demos-seed1/events.out.tfevents.1790218111.WP.3361031.0
act-PickCube-v1-rgb-100demos-seed1,training_scalar,loss,1700,,1,0.10912445,act-PickCube-v1-rgb-100demos-seed1/events.out.tfevents.1790218111.WP.3361031.0
act-PickCube-v1-rgb-100demos-seed1,training_scalar,loss,1800,,1,0.14063871,act-PickCube-v1-rgb-100demos-seed1/events.out.tfevents.1790218111.WP.3361031.0
act-PickCube-v1-rgb-100demos-seed1,training_scalar,loss,1900,,1,0.10521617,act-PickCube-v1-rgb-100demos-seed1/events.out.tfevents.1790218111.WP.3361031.0
act-PickCube-v1-rgb-100demos-seed1,training_scalar,loss,2000,,1,0.11940857,act-PickCube-v1-rgb-100demos-seed1/events.out.tfevents.1790218111.WP.3361031.0
act-PickCube-v1-rgb-100demos-seed1,training_scalar,loss,2100,,1,0.07811341,act-PickCube-v1-rgb-100demos-seed1/events.out.tfevents.1790218111.WP.3361031.0
act-PickCube-v1-rgb-100demos-seed1,training_scalar,loss,2200,,1,0.08664064,act-PickCube-v1-rgb-100demos-seed1/events.out.tfevents.1790218111.WP.3361031.0
act-PickCube-v1-rgb-100demos-seed1,training_scalar,loss,2300,,1,0.09713113,act-PickCube-v1-rgb-100demos-seed1/events.out.tfevents.1790218111.WP.3361031.0
act-PickCube-v1-rgb-100demos-seed1,training_scalar,loss,2400,,1,0.13850561,act-PickCube-v1-rgb-100demos-seed1/events.out.tfevents.1790218111.WP.3361031.0
act-PickCube-v1-rgb-100demos-seed1,training_scalar,loss,2500,,1,0.10145522,act-PickCube-v1-rgb-100demos-seed1/events.out.tfevents.1790218111.WP.3361031.0
act-PickCube-v1-rgb-100demos-seed1,training_scalar,loss,2600,,1,0.09295554,act-PickCube-v1-rgb-100demos-seed1/events.out.tfevents.1790218111.WP.3361031.0
act-PickCube-v1-rgb-100demos-seed1,training_scalar,loss,2700,,1,0.11162663,act-PickCube-v1-rgb-100demos-seed1/events.out.tfevents.1790218111.WP.3361031.0
act-PickCube-v1-rgb-100demos-seed1,training_scalar,loss,2800,,1,0.10853484,act-PickCube-v1-rgb-100demos-seed1/events.out.tfevents.1790218111.WP.3361031.0
act-PickCube-v1-rgb-100demos-seed1,training_scalar,loss,2900,,1,0.06670500,act-PickCube-v1-rgb-100demos-seed1/events.out.tfevents.1790218111.WP.3361031.0
act-PickCube-v1-rgb-100demos-seed1,training_scalar,loss,3000,,1,0.10755926,act-PickCube-v1-rgb-100demos-seed1/events.out.tfevents.1790218111.WP.3361031.0
act-PickCube-v1-rgb-100demos-seed1,training_scalar,loss,3100,,1,0.06545028,act-PickCube-v1-rgb-100demos-seed1/events.out.tfevents.1790218111.WP.3361031.0
act-PickCube-v1-rgb-100demos-seed1,training_scalar,loss,3200,,1,0.08762614,act-PickCube-v1-rgb-100demos-seed1/events.out.tfevents.1790218111.WP.3361031.0
act-PickCube-v1-rgb-100demos-seed1,training_scalar,loss,3300,,1,0.08187263,act-PickCube-v1-rgb-100demos-seed1/events.out.tfevents.1790218111.WP.3361031.0
act-PickCube-v1-rgb-100demos-seed1,training_scalar,loss,3400,,1,0.08162801,act-PickCube-v1-rgb-100demos-seed1/events.out.tfevents.1790218111.WP.3361031.0
act-PickCube-v1-rgb-100demos-seed1,training_scalar,loss,3500,,1,0.09508679,act-PickCube-v1-rgb-100demos-seed1/events.out.tfevents.1790218111.WP.3361031.0
act-PickCube-v1-rgb-100demos-seed1,training_scalar,loss,3600,,1,0.09869882,act-PickCube-v1-rgb-100demos-seed1/events.out.tfevents.1790218111.WP.3361031.0
act-PickCube-v1-rgb-100demos-seed1,training_scalar,loss,3700,,1,0.08112632,act-PickCube-v1-rgb-100demos-seed1/events.out.tfevents.1790218111.WP.3361031.0
act-PickCube-v1-rgb-100demos-seed1,training_scalar,loss,3800,,1,0.07755461,act-PickCube-v1-rgb-100demos-seed1/events.out.tfevents.1790218111.WP.3361031.0
act-PickCube-v1-rgb-100demos-seed1,training_scalar,loss,3900,,1,0.07907254,act-PickCube-v1-rgb-100demos-seed1/events.out.tfevents.1790218111.WP.3361031.0
act-PickCube-v1-rgb-100demos-seed1,training_scalar,loss,4000,,1,0.08394757,act-PickCube-v1-rgb-100demos-seed1/events.out.tfevents.1790218111.WP.3361031.0
act-PickCube-v1-rgb-100demos-seed1,training_scalar,loss,4100,,1,0.07893662,act-PickCube-v1-rgb-100demos-seed1/events.out.tfevents.1790218111.WP.3361031.0
act-PickCube-v1-rgb-100demos-seed1,training_scalar,loss,4200,,1,0.04254601,act-PickCube-v1-rgb-100demos-seed1/events.out.tfevents.1790218111.WP.3361031.0
act-PickCube-v1-rgb-100demos-seed1,training_scalar,loss,4300,,1,0.06144287,act-PickCube-v1-rgb-100demos-seed1/events.out.tfevents.1790218111.WP.3361031.0
act-PickCube-v1-rgb-100demos-seed1,training_scalar,loss,4400,,1,0.06391642,act-PickCube-v1-rgb-100demos-seed1/events.out.tfevents.1790218111.WP.3361031.0
act-PickCube-v1-rgb-100demos-seed1,training_scalar,loss,4500,,1,0.05508426,act-PickCube-v1-rgb-100demos-seed1/events.out.tfevents.1790218111.WP.3361031.0
act-PickCube-v1-rgb-100demos-seed1,training_scalar,loss,4600,,1,0.06499491,act-PickCube-v1-rgb-100demos-seed1/events.out.tfevents.1790218111.WP.3361031.0
act-PickCube-v1-rgb-100demos-seed1,training_scalar,loss,4700,,1,0.05680157,act-PickCube-v1-rgb-100demos-seed1/events.out.tfevents.1790218111.WP.3361031.0
act-PickCube-v1-rgb-100demos-seed1,training_scalar,loss,4800,,1,0.05552911,act-PickCube-v1-rgb-100demos-seed1/events.out.tfevents.1790218111.WP.3361031.0
act-PickCube-v1-rgb-100demos-seed1,training_scalar,loss,4900,,1,0.05361087,act-PickCube-v1-rgb-100demos-seed1/events.out.tfevents.1790218111.WP.3361031.0
act-PickCube-v1-rgb-100demos-seed1,training_scalar,loss,5000,,1,0.05988117,act-PickCube-v1-rgb-100demos-seed1/events.out.tfevents.1790218111.WP.3361031.0
act-PickCube-v1-rgb-100demos-seed1,training_scalar,loss,5100,,1,0.06421603,act-PickCube-v1-rgb-100demos-seed1/events.out.tfevents.1790218111.WP.3361031.0
act-PickCube-v1-rgb-100demos-seed1,training_scalar,loss,5200,,1,0.07850935,act-PickCube-v1-rgb-100demos-seed1/events.out.tfevents.1790218111.WP.3361031.0
act-PickCube-v1-rgb-100demos-seed1,training_scalar,loss,5300,,1,0.05307780,act-PickCube-v1-rgb-100demos-seed1/events.out.tfevents.1790218111.WP.3361031.0
act-PickCube-v1-rgb-100demos-seed1,training_scalar,loss,5400,,1,0.05445874,act-PickCube-v1-rgb-100demos-seed1/events.out.tfevents.1790218111.WP.3361031.0
act-PickCube-v1-rgb-100demos-seed1,training_scalar,loss,5500,,1,0.06481145,act-PickCube-v1-rgb-100demos-seed1/events.out.tfevents.1790218111.WP.3361031.0
act-PickCube-v1-rgb-100demos-seed1,training_scalar,loss,5600,,1,0.05440462,act-PickCube-v1-rgb-100demos-seed1/events.out.tfevents.1790218111.WP.3361031.0
act-PickCube-v1-rgb-100demos-seed1,training_scalar,loss,5700,,1,0.06351899,act-PickCube-v1-rgb-100demos-seed1/events.out.tfevents.1790218111.WP.3361031.0
act-PickCube-v1-rgb-100demos-seed1,training_scalar,loss,5800,,1,0.04400000,act-PickCube-v1-rgb-100demos-seed1/events.out.tfevents.1790218111.WP.3361031.0
act-PickCube-v1-rgb-100demos-seed1,training_scalar,loss,5900,,1,0.06000978,act-PickCube-v1-rgb-100demos-seed1/events.out.tfevents.1790218111.WP.3361031.0
act-PickCube-v1-rgb-100demos-seed1,training_scalar,loss,6000,,1,0.04526143,act-PickCube-v1-rgb-100demos-seed1/events.out.tfevents.1790218111.WP.3361031.0
act-PickCube-v1-rgb-100demos-seed1,training_scalar,loss,6100,,1,0.04578768,act-PickCube-v1-rgb-100demos-seed1/events.out.tfevents.1790218111.WP.3361031.0
act-PickCube-v1-rgb-100demos-seed1,training_scalar,loss,6200,,1,0.03988755,act-PickCube-v1-rgb-100demos-seed1/events.out.tfevents.1790218111.WP.3361031.0
act-PickCube-v1-rgb-100demos-seed1,training_scalar,loss,6300,,1,0.07706302,act-PickCube-v1-rgb-100demos-seed1/events.out.tfevents.1790218111.WP.3361031.0
act-PickCube-v1-rgb-100demos-seed1,training_scalar,loss,6400,,1,0.04979852,act-PickCube-v1-rgb-100demos-seed1/events.out.tfevents.1790218111.WP.3361031.0
act-PickCube-v1-rgb-100demos-seed1,training_scalar,loss,6500,,1,0.03527111,act-PickCube-v1-rgb-100demos-seed1/events.out.tfevents.1790218111.WP.3361031.0
act-PickCube-v1-rgb-100demos-seed1,training_scalar,loss,6600,,1,0.04170188,act-PickCube-v1-rgb-100demos-seed1/events.out.tfevents.1790218111.WP.3361031.0
act-PickCube-v1-rgb-100demos-seed1,training_scalar,loss,6700,,1,0.03908753,act-PickCube-v1-rgb-100demos-seed1/events.out.tfevents.1790218111.WP.3361031.0
act-PickCube-v1-rgb-100demos-seed1,training_scalar,loss,6800,,1,0.03690965,act-PickCube-v1-rgb-100demos-seed1/events.out.tfevents.1790218111.WP.3361031.0
act-PickCube-v1-rgb-100demos-seed1,training_scalar,loss,6900,,1,0.04875715,act-PickCube-v1-rgb-100demos-seed1/events.out.tfevents.1790218111.WP.3361031.0
act-PickCube-v1-rgb-100demos-seed1,training_scalar,loss,7000,,1,0.04176002,act-PickCube-v1-rgb-100demos-seed1/events.out.tfevents.1790218111.WP.3361031.0
act-PickCube-v1-rgb-100demos-seed1,training_scalar,loss,7100,,1,0.03855732,act-PickCube-v1-rgb-100demos-seed1/events.out.tfevents.1790218111.WP.3361031.0
act-PickCube-v1-rgb-100demos-seed1,training_scalar,loss,7200,,1,0.03773734,act-PickCube-v1-rgb-100demos-seed1/events.out.tfevents.1790218111.WP.3361031.0
act-PickCube-v1-rgb-100demos-seed1,training_scalar,loss,7300,,1,0.04604373,act-PickCube-v1-rgb-100demos-seed1/events.out.tfevents.1790218111.WP.3361031.0
act-PickCube-v1-rgb-100demos-seed1,training_scalar,loss,7400,,1,0.04002566,act-PickCube-v1-rgb-100demos-seed1/events.out.tfevents.1790218111.WP.3361031.0
act-PickCube-v1-rgb-100demos-seed1,training_scalar,loss,7500,,1,0.05108010,act-PickCube-v1-rgb-100demos-seed1/events.out.tfevents.1790218111.WP.3361031.0
act-PickCube-v1-rgb-100demos-seed1,training_scalar,loss,7600,,1,0.02679133,act-PickCube-v1-rgb-100demos-seed1/events.out.tfevents.1790218111.WP.3361031.0
act-PickCube-v1-rgb-100demos-seed1,training_scalar,loss,7700,,1,0.03730716,act-PickCube-v1-rgb-100demos-seed1/events.out.tfevents.1790218111.WP.3361031.0
act-PickCube-v1-rgb-100demos-seed1,training_scalar,loss,7800,,1,0.04283119,act-PickCube-v1-rgb-100demos-seed1/events.out.tfevents.1790218111.WP.3361031.0
act-PickCube-v1-rgb-100demos-seed1,training_scalar,loss,7900,,1,0.06973544,act-PickCube-v1-rgb-100demos-seed1/events.out.tfevents.1790218111.WP.3361031.0
act-PickCube-v1-rgb-100demos-seed1,training_scalar,loss,8000,,1,0.03541195,act-PickCube-v1-rgb-100demos-seed1/events.out.tfevents.1790218111.WP.3361031.0
act-PickCube-v1-rgb-100demos-seed1,training_scalar,loss,8100,,1,0.05038315,act-PickCube-v1-rgb-100demos-seed1/events.out.tfevents.1790218111.WP.3361031.0
act-PickCube-v1-rgb-100demos-seed1,training_scalar,loss,8200,,1,0.02942930,act-PickCube-v1-rgb-100demos-seed1/events.out.tfevents.1790218111.WP.3361031.0
act-PickCube-v1-rgb-100demos-seed1,training_scalar,loss,8300,,1,0.05895927,act-PickCube-v1-rgb-100demos-seed1/events.out.tfevents.1790218111.WP.3361031.0
act-PickCube-v1-rgb-100demos-seed1,training_scalar,loss,8400,,1,0.05866028,act-PickCube-v1-rgb-100demos-seed1/events.out.tfevents.1790218111.WP.3361031.0
act-PickCube-v1-rgb-100demos-seed1,training_scalar,loss,8500,,1,0.03444976,act-PickCube-v1-rgb-100demos-seed1/events.out.tfevents.1790218111.WP.3361031.0
act-PickCube-v1-rgb-100demos-seed1,training_scalar,loss,8600,,1,0.07452387,act-PickCube-v1-rgb-100demos-seed1/events.out.tfevents.1790218111.WP.3361031.0
act-PickCube-v1-rgb-100demos-seed1,training_scalar,loss,8700,,1,0.03230480,act-PickCube-v1-rgb-100demos-seed1/events.out.tfevents.1790218111.WP.3361031.0
act-PickCube-v1-rgb-100demos-seed1,training_scalar,loss,8800,,1,0.03329632,act-PickCube-v1-rgb-100demos-seed1/events.out.tfevents.1790218111.WP.3361031.0
act-PickCube-v1-rgb-100demos-seed1,training_scalar,loss,8900,,1,0.03289764,act-PickCube-v1-rgb-100demos-seed1/events.out.tfevents.1790218111.WP.3361031.0
act-PickCube-v1-rgb-100demos-seed1,training_scalar,loss,9000,,1,0.04966137,act-PickCube-v1-rgb-100demos-seed1/events.out.tfevents.1790218111.WP.3361031.0
act-PickCube-v1-rgb-100demos-seed1,training_scalar,loss,9100,,1,0.03203958,act-PickCube-v1-rgb-100demos-seed1/events.out.tfevents.1790218111.WP.3361031.0
act-PickCube-v1-rgb-100demos-seed1,training_scalar,loss,9200,,1,0.02634895,act-PickCube-v1-rgb-100demos-seed1/events.out.tfevents.1790218111.WP.3361031.0
act-PickCube-v1-rgb-100demos-seed1,training_scalar,loss,9300,,1,0.03801732,act-PickCube-v1-rgb-100demos-seed1/events.out.tfevents.1790218111.WP.3361031.0
act-PickCube-v1-rgb-100demos-seed1,training_scalar,loss,9400,,1,0.03533759,act-PickCube-v1-rgb-100demos-seed1/events.out.tfevents.1790218111.WP.3361031.0
act-PickCube-v1-rgb-100demos-seed1,training_scalar,loss,9500,,1,0.04290006,act-PickCube-v1-rgb-100demos-seed1/events.out.tfevents.1790218111.WP.3361031.0
act-PickCube-v1-rgb-100demos-seed1,training_scalar,loss,9600,,1,0.04285117,act-PickCube-v1-rgb-100demos-seed1/events.out.tfevents.1790218111.WP.3361031.0
act-PickCube-v1-rgb-100demos-seed1,training_scalar,loss,9700,,1,0.08247963,act-PickCube-v1-rgb-100demos-seed1/events.out.tfevents.1790218111.WP.3361031.0
act-PickCube-v1-rgb-100demos-seed1,training_scalar,loss,9800,,1,0.03918155,act-PickCube-v1-rgb-100demos-seed1/events.out.tfevents.1790218111.WP.3361031.0
act-PickCube-v1-rgb-100demos-seed1,training_scalar,loss,9900,,1,0.02141525,act-PickCube-v1-rgb-100demos-seed1/events.out.tfevents.1790218111.WP.3361031.0
act-PickCube-v1-rgb-100demos-seed1,training_scalar,loss,10000,,1,0.03033447,act-PickCube-v1-rgb-100demos-seed1/events.out.tfevents.1790218111.WP.3361031.0
act-PickCube-v1-rgb-100demos-seed1,training_scalar,loss,10100,,1,0.02803374,act-PickCube-v1-rgb-100demos-seed1/events.out.tfevents.1790218111.WP.3361031.0
act-PickCube-v1-rgb-100demos-seed1,training_scalar,loss,10200,,1,0.02792543,act-PickCube-v1-rgb-100demos-seed1/events.out.tfevents.1790218111.WP.3361031.0
act-PickCube-v1-rgb-100demos-seed1,training_scalar,loss,10300,,1,0.02960465,act-PickCube-v1-rgb-100demos-seed1/events.out.tfevents.1790218111.WP.3361031.0
act-PickCube-v1-rgb-100demos-seed1,training_scalar,loss,10400,,1,0.05841189,act-PickCube-v1-rgb-100demos-seed1/events.out.tfevents.1790218111.WP.3361031.0
act-PickCube-v1-rgb-100demos-seed1,training_scalar,loss,10500,,1,0.03035042,act-PickCube-v1-rgb-100demos-seed1/events.out.tfevents.1790218111.WP.3361031.0
act-PickCube-v1-rgb-100demos-seed1,training_scalar,loss,10600,,1,0.02400616,act-PickCube-v1-rgb-100demos-seed1/events.out.tfevents.1790218111.WP.3361031.0
act-PickCube-v1-rgb-100demos-seed1,training_scalar,loss,10700,,1,0.02888126,act-PickCube-v1-rgb-100demos-seed1/events.out.tfevents.1790218111.WP.3361031.0
act-PickCube-v1-rgb-100demos-seed1,training_scalar,loss,10800,,1,0.04003943,act-PickCube-v1-rgb-100demos-seed1/events.out.tfevents.1790218111.WP.3361031.0
act-PickCube-v1-rgb-100demos-seed1,training_scalar,loss,10900,,1,0.02707937,act-PickCube-v1-rgb-100demos-seed1/events.out.tfevents.1790218111.WP.3361031.0
act-PickCube-v1-rgb-100demos-seed1,training_scalar,loss,11000,,1,0.01961194,act-PickCube-v1-rgb-100demos-seed1/events.out.tfevents.1790218111.WP.3361031.0
act-PickCube-v1-rgb-100demos-seed1,training_scalar,loss,11100,,1,0.02280244,act-PickCube-v1-rgb-100demos-seed1/events.out.tfevents.1790218111.WP.3361031.0
act-PickCube-v1-rgb-100demos-seed1,training_scalar,loss,11200,,1,0.03324331,act-PickCube-v1-rgb-100demos-seed1/events.out.tfevents.1790218111.WP.3361031.0
act-PickCube-v1-rgb-100demos-seed1,training_scalar,loss,11300,,1,0.02401508,act-PickCube-v1-rgb-100demos-seed1/events.out.tfevents.1790218111.WP.3361031.0
act-PickCube-v1-rgb-100demos-seed1,training_scalar,loss,11400,,1,0.03913699,act-PickCube-v1-rgb-100demos-seed1/events.out.tfevents.1790218111.WP.3361031.0
act-PickCube-v1-rgb-100demos-seed1,training_scalar,loss,11500,,1,0.04506128,act-PickCube-v1-rgb-100demos-seed1/events.out.tfevents.1790218111.WP.3361031.0
act-PickCube-v1-rgb-100demos-seed1,training_scalar,loss,11600,,1,0.02391523,act-PickCube-v1-rgb-100demos-seed1/events.out.tfevents.1790218111.WP.3361031.0
act-PickCube-v1-rgb-100demos-seed1,training_scalar,loss,11700,,1,0.01998274,act-PickCube-v1-rgb-100demos-seed1/events.out.tfevents.1790218111.WP.3361031.0
act-PickCube-v1-rgb-100demos-seed1,training_scalar,loss,11800,,1,0.03002128,act-PickCube-v1-rgb-100demos-seed1/events.out.tfevents.1790218111.WP.3361031.0
act-PickCube-v1-rgb-100demos-seed1,training_scalar,loss,11900,,1,0.03760858,act-PickCube-v1-rgb-100demos-seed1/events.out.tfevents.1790218111.WP.3361031.0
act-PickCube-v1-rgb-100demos-seed1,training_scalar,loss,12000,,1,0.02701665,act-PickCube-v1-rgb-100demos-seed1/events.out.tfevents.1790218111.WP.3361031.0
act-PickCube-v1-rgb-100demos-seed1,training_scalar,loss,12100,,1,0.03249444,act-PickCube-v1-rgb-100demos-seed1/events.out.tfevents.1790218111.WP.3361031.0
act-PickCube-v1-rgb-100demos-seed1,training_scalar,loss,12200,,1,0.06437856,act-PickCube-v1-rgb-100demos-seed1/events.out.tfevents.1790218111.WP.3361031.0
act-PickCube-v1-rgb-100demos-seed1,training_scalar,loss,12300,,1,0.02795699,act-PickCube-v1-rgb-100demos-seed1/events.out.tfevents.1790218111.WP.3361031.0
act-PickCube-v1-rgb-100demos-seed1,training_scalar,loss,12400,,1,0.03082512,act-PickCube-v1-rgb-100demos-seed1/events.out.tfevents.1790218111.WP.3361031.0
act-PickCube-v1-rgb-100demos-seed1,training_scalar,loss,12500,,1,0.04135982,act-PickCube-v1-rgb-100demos-seed1/events.out.tfevents.1790218111.WP.3361031.0
act-PickCube-v1-rgb-100demos-seed1,training_scalar,loss,12600,,1,0.02563261,act-PickCube-v1-rgb-100demos-seed1/events.out.tfevents.1790218111.WP.3361031.0
act-PickCube-v1-rgb-100demos-seed1,training_scalar,loss,12700,,1,0.03284965,act-PickCube-v1-rgb-100demos-seed1/events.out.tfevents.1790218111.WP.3361031.0
act-PickCube-v1-rgb-100demos-seed1,training_scalar,loss,12800,,1,0.01692335,act-PickCube-v1-rgb-100demos-seed1/events.out.tfevents.1790218111.WP.3361031.0
act-PickCube-v1-rgb-100demos-seed1,training_scalar,loss,12900,,1,0.02984958,act-PickCube-v1-rgb-100demos-seed1/events.out.tfevents.1790218111.WP.3361031.0
act-PickCube-v1-rgb-100demos-seed1,training_scalar,loss,13000,,1,0.01317823,act-PickCube-v1-rgb-100demos-seed1/events.out.tfevents.1790218111.WP.3361031.0
act-PickCube-v1-rgb-100demos-seed1,training_scalar,loss,13100,,1,0.03588094,act-PickCube-v1-rgb-100demos-seed1/events.out.tfevents.1790218111.WP.3361031.0
act-PickCube-v1-rgb-100demos-seed1,training_scalar,loss,13200,,1,0.02680529,act-PickCube-v1-rgb-100demos-seed1/events.out.tfevents.1790218111.WP.3361031.0
act-PickCube-v1-rgb-100demos-seed1,training_scalar,loss,13300,,1,0.02743842,act-PickCube-v1-rgb-100demos-seed1/events.out.tfevents.1790218111.WP.3361031.0
act-PickCube-v1-rgb-100demos-seed1,training_scalar,loss,13400,,1,0.04463175,act-PickCube-v1-rgb-100demos-seed1/events.out.tfevents.1790218111.WP.3361031.0
act-PickCube-v1-rgb-100demos-seed1,training_scalar,loss,13500,,1,0.02569217,act-PickCube-v1-rgb-100demos-seed1/events.out.tfevents.1790218111.WP.3361031.0
act-PickCube-v1-rgb-100demos-seed1,training_scalar,loss,13600,,1,0.03164396,act-PickCube-v1-rgb-100demos-seed1/events.out.tfevents.1790218111.WP.3361031.0
act-PickCube-v1-rgb-100demos-seed1,training_scalar,loss,13700,,1,0.04029812,act-PickCube-v1-rgb-100demos-seed1/events.out.tfevents.1790218111.WP.3361031.0
act-PickCube-v1-rgb-100demos-seed1,training_scalar,loss,13800,,1,0.03536701,act-PickCube-v1-rgb-100demos-seed1/events.out.tfevents.1790218111.WP.3361031.0
act-PickCube-v1-rgb-100demos-seed1,training_scalar,loss,13900,,1,0.04913015,act-PickCube-v1-rgb-100demos-seed1/events.out.tfevents.1790218111.WP.3361031.0
act-PickCube-v1-rgb-100demos-seed1,training_scalar,loss,14000,,1,0.03246048,act-PickCube-v1-rgb-100demos-seed1/events.out.tfevents.1790218111.WP.3361031.0
act-PickCube-v1-rgb-100demos-seed1,training_scalar,loss,14100,,1,0.01586052,act-PickCube-v1-rgb-100demos-seed1/events.out.tfevents.1790218111.WP.3361031.0
act-PickCube-v1-rgb-100demos-seed1,training_scalar,loss,14200,,1,0.02164789,act-PickCube-v1-rgb-100demos-seed1/events.out.tfevents.1790218111.WP.3361031.0
act-PickCube-v1-rgb-100demos-seed1,training_scalar,loss,14300,,1,0.02604099,act-PickCube-v1-rgb-100demos-seed1/events.out.tfevents.1790218111.WP.3361031.0
act-PickCube-v1-rgb-100demos-seed1,training_scalar,loss,14400,,1,0.02466115,act-PickCube-v1-rgb-100demos-seed1/events.out.tfevents.1790218111.WP.3361031.0
act-PickCube-v1-rgb-100demos-seed1,training_scalar,loss,14500,,1,0.02789604,act-PickCube-v1-rgb-100demos-seed1/events.out.tfevents.1790218111.WP.3361031.0
act-PickCube-v1-rgb-100demos-seed1,training_scalar,loss,14600,,1,0.03367447,act-PickCube-v1-rgb-100demos-seed1/events.out.tfevents.1790218111.WP.3361031.0
act-PickCube-v1-rgb-100demos-seed1,training_scalar,loss,14700,,1,0.03081395,act-PickCube-v1-rgb-100demos-seed1/events.out.tfevents.1790218111.WP.3361031.0
act-PickCube-v1-rgb-100demos-seed1,training_scalar,loss,14800,,1,0.02594431,act-PickCube-v1-rgb-100demos-seed1/events.out.tfevents.1790218111.WP.3361031.0
act-PickCube-v1-rgb-100demos-seed1,training_scalar,loss,14900,,1,0.02739937,act-PickCube-v1-rgb-100demos-seed1/events.out.tfevents.1790218111.WP.3361031.0
act-PickCube-v1-rgb-100demos-seed1,training_scalar,loss,15000,,1,0.01984175,act-PickCube-v1-rgb-100demos-seed1/events.out.tfevents.1790218111.WP.3361031.0
act-PickCube-v1-rgb-100demos-seed1,training_scalar,loss,15100,,1,0.02065458,act-PickCube-v1-rgb-100demos-seed1/events.out.tfevents.1790218111.WP.3361031.0
act-PickCube-v1-rgb-100demos-seed1,training_scalar,loss,15200,,1,0.01776919,act-PickCube-v1-rgb-100demos-seed1/events.out.tfevents.1790218111.WP.3361031.0
act-PickCube-v1-rgb-100demos-seed1,training_scalar,loss,15300,,1,0.02154430,act-PickCube-v1-rgb-100demos-seed1/events.out.tfevents.1790218111.WP.3361031.0
act-PickCube-v1-rgb-100demos-seed1,training_scalar,loss,15400,,1,0.01869109,act-PickCube-v1-rgb-100demos-seed1/events.out.tfevents.1790218111.WP.3361031.0
act-PickCube-v1-rgb-100demos-seed1,training_scalar,loss,15500,,1,0.03011762,act-PickCube-v1-rgb-100demos-seed1/events.out.tfevents.1790218111.WP.3361031.0
act-PickCube-v1-rgb-100demos-seed1,training_scalar,loss,15600,,1,0.03457459,act-PickCube-v1-rgb-100demos-seed1/events.out.tfevents.1790218111.WP.3361031.0
act-PickCube-v1-rgb-100demos-seed1,training_scalar,loss,15700,,1,0.01448350,act-PickCube-v1-rgb-100demos-seed1/events.out.tfevents.1790218111.WP.3361031.0
act-PickCube-v1-rgb-100demos-seed1,training_scalar,loss,15800,,1,0.02162827,act-PickCube-v1-rgb-100demos-seed1/events.out.tfevents.1790218111.WP.3361031.0
act-PickCube-v1-rgb-100demos-seed1,training_scalar,loss,15900,,1,0.02020740,act-PickCube-v1-rgb-100demos-seed1/events.out.tfevents.1790218111.WP.3361031.0
act-PickCube-v1-rgb-100demos-seed1,training_scalar,loss,16000,,1,0.02598036,act-PickCube-v1-rgb-100demos-seed1/events.out.tfevents.1790218111.WP.3361031.0
act-PickCube-v1-rgb-100demos-seed1,training_scalar,loss,16100,,1,0.01576702,act-PickCube-v1-rgb-100demos-seed1/events.out.tfevents.1790218111.WP.3361031.0
act-PickCube-v1-rgb-100demos-seed1,training_scalar,loss,16200,,1,0.02299265,act-PickCube-v1-rgb-100demos-seed1/events.out.tfevents.1790218111.WP.3361031.0
act-PickCube-v1-rgb-100demos-seed1,training_scalar,loss,16300,,1,0.03871107,act-PickCube-v1-rgb-100demos-seed1/events.out.tfevents.1790218111.WP.3361031.0
act-PickCube-v1-rgb-100demos-seed1,training_scalar,loss,16400,,1,0.02519029,act-PickCube-v1-rgb-100demos-seed1/events.out.tfevents.1790218111.WP.3361031.0
act-PickCube-v1-rgb-100demos-seed1,training_scalar,loss,16500,,1,0.02455002,act-PickCube-v1-rgb-100demos-seed1/events.out.tfevents.1790218111.WP.3361031.0
act-PickCube-v1-rgb-100demos-seed1,training_scalar,loss,16600,,1,0.02409095,act-PickCube-v1-rgb-100demos-seed1/events.out.tfevents.1790218111.WP.3361031.0
act-PickCube-v1-rgb-100demos-seed1,training_scalar,loss,16700,,1,0.02283676,act-PickCube-v1-rgb-100demos-seed1/events.out.tfevents.1790218111.WP.3361031.0
act-PickCube-v1-rgb-100demos-seed1,training_scalar,loss,16800,,1,0.01989863,act-PickCube-v1-rgb-100demos-seed1/events.out.tfevents.1790218111.WP.3361031.0
act-PickCube-v1-rgb-100demos-seed1,training_scalar,loss,16900,,1,0.02784463,act-PickCube-v1-rgb-100demos-seed1/events.out.tfevents.1790218111.WP.3361031.0
act-PickCube-v1-rgb-100demos-seed1,training_scalar,loss,17000,,1,0.02613850,act-PickCube-v1-rgb-100demos-seed1/events.out.tfevents.1790218111.WP.3361031.0
act-PickCube-v1-rgb-100demos-seed1,training_scalar,loss,17100,,1,0.01784318,act-PickCube-v1-rgb-100demos-seed1/events.out.tfevents.1790218111.WP.3361031.0
act-PickCube-v1-rgb-100demos-seed1,training_scalar,loss,17200,,1,0.01577184,act-PickCube-v1-rgb-100demos-seed1/events.out.tfevents.1790218111.WP.3361031.0
act-PickCube-v1-rgb-100demos-seed1,training_scalar,loss,17300,,1,0.03686154,act-PickCube-v1-rgb-100demos-seed1/events.out.tfevents.1790218111.WP.3361031.0
act-PickCube-v1-rgb-100demos-seed1,training_scalar,loss,17400,,1,0.01863034,act-PickCube-v1-rgb-100demos-seed1/events.out.tfevents.1790218111.WP.3361031.0
act-PickCube-v1-rgb-100demos-seed1,training_scalar,loss,17500,,1,0.02419669,act-PickCube-v1-rgb-100demos-seed1/events.out.tfevents.1790218111.WP.3361031.0
act-PickCube-v1-rgb-100demos-seed1,training_scalar,loss,17600,,1,0.03747784,act-PickCube-v1-rgb-100demos-seed1/events.out.tfevents.1790218111.WP.3361031.0
act-PickCube-v1-rgb-100demos-seed1,training_scalar,loss,17700,,1,0.03292945,act-PickCube-v1-rgb-100demos-seed1/events.out.tfevents.1790218111.WP.3361031.0
act-PickCube-v1-rgb-100demos-seed1,training_scalar,loss,17800,,1,0.02391929,act-PickCube-v1-rgb-100demos-seed1/events.out.tfevents.1790218111.WP.3361031.0
act-PickCube-v1-rgb-100demos-seed1,training_scalar,loss,17900,,1,0.03684635,act-PickCube-v1-rgb-100demos-seed1/events.out.tfevents.1790218111.WP.3361031.0
act-PickCube-v1-rgb-100demos-seed1,training_scalar,loss,18000,,1,0.02814662,act-PickCube-v1-rgb-100demos-seed1/events.out.tfevents.1790218111.WP.3361031.0
act-PickCube-v1-rgb-100demos-seed1,training_scalar,loss,18100,,1,0.01426651,act-PickCube-v1-rgb-100demos-seed1/events.out.tfevents.1790218111.WP.3361031.0
act-PickCube-v1-rgb-100demos-seed1,training_scalar,loss,18200,,1,0.03904879,act-PickCube-v1-rgb-100demos-seed1/events.out.tfevents.1790218111.WP.3361031.0
act-PickCube-v1-rgb-100demos-seed1,training_scalar,loss,18300,,1,0.02589393,act-PickCube-v1-rgb-100demos-seed1/events.out.tfevents.1790218111.WP.3361031.0
act-PickCube-v1-rgb-100demos-seed1,training_scalar,loss,18400,,1,0.01545437,act-PickCube-v1-rgb-100demos-seed1/events.out.tfevents.1790218111.WP.3361031.0
act-PickCube-v1-rgb-100demos-seed1,training_scalar,loss,18500,,1,0.01460225,act-PickCube-v1-rgb-100demos-seed1/events.out.tfevents.1790218111.WP.3361031.0
act-PickCube-v1-rgb-100demos-seed1,training_scalar,loss,18600,,1,0.10983180,act-PickCube-v1-rgb-100demos-seed1/events.out.tfevents.1790218111.WP.3361031.0
act-PickCube-v1-rgb-100demos-seed1,training_scalar,loss,18700,,1,0.03666087,act-PickCube-v1-rgb-100demos-seed1/events.out.tfevents.1790218111.WP.3361031.0
act-PickCube-v1-rgb-100demos-seed1,training_scalar,loss,18800,,1,0.02155432,act-PickCube-v1-rgb-100demos-seed1/events.out.tfevents.1790218111.WP.3361031.0
act-PickCube-v1-rgb-100demos-seed1,training_scalar,loss,18900,,1,0.02000765,act-PickCube-v1-rgb-100demos-seed1/events.out.tfevents.1790218111.WP.3361031.0
act-PickCube-v1-rgb-100demos-seed1,training_scalar,loss,19000,,1,0.04185326,act-PickCube-v1-rgb-100demos-seed1/events.out.tfevents.1790218111.WP.3361031.0
act-PickCube-v1-rgb-100demos-seed1,training_scalar,loss,19100,,1,0.02051814,act-PickCube-v1-rgb-100demos-seed1/events.out.tfevents.1790218111.WP.3361031.0
act-PickCube-v1-rgb-100demos-seed1,training_scalar,loss,19200,,1,0.02064953,act-PickCube-v1-rgb-100demos-seed1/events.out.tfevents.1790218111.WP.3361031.0
act-PickCube-v1-rgb-100demos-seed1,training_scalar,loss,19300,,1,0.01861075,act-PickCube-v1-rgb-100demos-seed1/events.out.tfevents.1790218111.WP.3361031.0
act-PickCube-v1-rgb-100demos-seed1,training_scalar,loss,19400,,1,0.02086963,act-PickCube-v1-rgb-100demos-seed1/events.out.tfevents.1790218111.WP.3361031.0
act-PickCube-v1-rgb-100demos-seed1,training_scalar,loss,19500,,1,0.02275939,act-PickCube-v1-rgb-100demos-seed1/events.out.tfevents.1790218111.WP.3361031.0
act-PickCube-v1-rgb-100demos-seed1,training_scalar,loss,19600,,1,0.02338072,act-PickCube-v1-rgb-100demos-seed1/events.out.tfevents.1790218111.WP.3361031.0
act-PickCube-v1-rgb-100demos-seed1,training_scalar,loss,19700,,1,0.03430035,act-PickCube-v1-rgb-100demos-seed1/events.out.tfevents.1790218111.WP.3361031.0
act-PickCube-v1-rgb-100demos-seed1,training_scalar,loss,19800,,1,0.03567320,act-PickCube-v1-rgb-100demos-seed1/events.out.tfevents.1790218111.WP.3361031.0
act-PickCube-v1-rgb-100demos-seed1,training_scalar,loss,19900,,1,0.02724880,act-PickCube-v1-rgb-100demos-seed1/events.out.tfevents.1790218111.WP.3361031.0
act-PickCube-v1-rgb-100demos-seed1,training_scalar,loss,20000,,1,0.02246242,act-PickCube-v1-rgb-100demos-seed1/events.out.tfevents.1790218111.WP.3361031.0
act-PickCube-v1-rgb-100demos-seed1,training_scalar,loss,20100,,1,0.01238837,act-PickCube-v1-rgb-100demos-seed1/events.out.tfevents.1790218111.WP.3361031.0
act-PickCube-v1-rgb-100demos-seed1,training_scalar,loss,20200,,1,0.00789642,act-PickCube-v1-rgb-100demos-seed1/events.out.tfevents.1790218111.WP.3361031.0
act-PickCube-v1-rgb-100demos-seed1,training_scalar,loss,20300,,1,0.01481372,act-PickCube-v1-rgb-100demos-seed1/events.out.tfevents.1790218111.WP.3361031.0
act-PickCube-v1-rgb-100demos-seed1,training_scalar,loss,20400,,1,0.01914011,act-PickCube-v1-rgb-100demos-seed1/events.out.tfevents.1790218111.WP.3361031.0
act-PickCube-v1-rgb-100demos-seed1,training_scalar,loss,20500,,1,0.01527682,act-PickCube-v1-rgb-100demos-seed1/events.out.tfevents.1790218111.WP.3361031.0
act-PickCube-v1-rgb-100demos-seed1,training_scalar,loss,20600,,1,0.01864528,act-PickCube-v1-rgb-100demos-seed1/events.out.tfevents.1790218111.WP.3361031.0
act-PickCube-v1-rgb-100demos-seed1,training_scalar,loss,20700,,1,0.01283677,act-PickCube-v1-rgb-100demos-seed1/events.out.tfevents.1790218111.WP.3361031.0
act-PickCube-v1-rgb-100demos-seed1,training_scalar,loss,20800,,1,0.02234861,act-PickCube-v1-rgb-100demos-seed1/events.out.tfevents.1790218111.WP.3361031.0
act-PickCube-v1-rgb-100demos-seed1,training_scalar,loss,20900,,1,0.01236773,act-PickCube-v1-rgb-100demos-seed1/events.out.tfevents.1790218111.WP.3361031.0
act-PickCube-v1-rgb-100demos-seed1,training_scalar,loss,21000,,1,0.03401081,act-PickCube-v1-rgb-100demos-seed1/events.out.tfevents.1790218111.WP.3361031.0
act-PickCube-v1-rgb-100demos-seed1,training_scalar,loss,21100,,1,0.01129541,act-PickCube-v1-rgb-100demos-seed1/events.out.tfevents.1790218111.WP.3361031.0
act-PickCube-v1-rgb-100demos-seed1,training_scalar,loss,21200,,1,0.02150067,act-PickCube-v1-rgb-100demos-seed1/events.out.tfevents.1790218111.WP.3361031.0
act-PickCube-v1-rgb-100demos-seed1,training_scalar,loss,21300,,1,0.01967972,act-PickCube-v1-rgb-100demos-seed1/events.out.tfevents.1790218111.WP.3361031.0
act-PickCube-v1-rgb-100demos-seed1,training_scalar,loss,21400,,1,0.01678758,act-PickCube-v1-rgb-100demos-seed1/events.out.tfevents.1790218111.WP.3361031.0
act-PickCube-v1-rgb-100demos-seed1,training_scalar,loss,21500,,1,0.01435122,act-PickCube-v1-rgb-100demos-seed1/events.out.tfevents.1790218111.WP.3361031.0
act-PickCube-v1-rgb-100demos-seed1,training_scalar,loss,21600,,1,0.01732548,act-PickCube-v1-rgb-100demos-seed1/events.out.tfevents.1790218111.WP.3361031.0
act-PickCube-v1-rgb-100demos-seed1,training_scalar,loss,21700,,1,0.01719531,act-PickCube-v1-rgb-100demos-seed1/events.out.tfevents.1790218111.WP.3361031.0
act-PickCube-v1-rgb-100demos-seed1,training_scalar,loss,21800,,1,0.01194277,act-PickCube-v1-rgb-100demos-seed1/events.out.tfevents.1790218111.WP.3361031.0
act-PickCube-v1-rgb-100demos-seed1,training_scalar,loss,21900,,1,0.01083115,act-PickCube-v1-rgb-100demos-seed1/events.out.tfevents.1790218111.WP.3361031.0
act-PickCube-v1-rgb-100demos-seed1,training_scalar,loss,22000,,1,0.01317867,act-PickCube-v1-rgb-100demos-seed1/events.out.tfevents.1790218111.WP.3361031.0
act-PickCube-v1-rgb-100demos-seed1,training_scalar,loss,22100,,1,0.01268676,act-PickCube-v1-rgb-100demos-seed1/events.out.tfevents.1790218111.WP.3361031.0
act-PickCube-v1-rgb-100demos-seed1,training_scalar,loss,22200,,1,0.01967561,act-PickCube-v1-rgb-100demos-seed1/events.out.tfevents.1790218111.WP.3361031.0
act-PickCube-v1-rgb-100demos-seed1,training_scalar,loss,22300,,1,0.01068964,act-PickCube-v1-rgb-100demos-seed1/events.out.tfevents.1790218111.WP.3361031.0
act-PickCube-v1-rgb-100demos-seed1,training_scalar,loss,22400,,1,0.00888400,act-PickCube-v1-rgb-100demos-seed1/events.out.tfevents.1790218111.WP.3361031.0
act-PickCube-v1-rgb-100demos-seed1,training_scalar,loss,22500,,1,0.01665547,act-PickCube-v1-rgb-100demos-seed1/events.out.tfevents.1790218111.WP.3361031.0
act-PickCube-v1-rgb-100demos-seed1,training_scalar,loss,22600,,1,0.02167135,act-PickCube-v1-rgb-100demos-seed1/events.out.tfevents.1790218111.WP.3361031.0
act-PickCube-v1-rgb-100demos-seed1,training_scalar,loss,22700,,1,0.01527028,act-PickCube-v1-rgb-100demos-seed1/events.out.tfevents.1790218111.WP.3361031.0
act-PickCube-v1-rgb-100demos-seed1,training_scalar,loss,22800,,1,0.00808301,act-PickCube-v1-rgb-100demos-seed1/events.out.tfevents.1790218111.WP.3361031.0
act-PickCube-v1-rgb-100demos-seed1,training_scalar,loss,22900,,1,0.01196489,act-PickCube-v1-rgb-100demos-seed1/events.out.tfevents.1790218111.WP.3361031.0
act-PickCube-v1-rgb-100demos-seed1,training_scalar,loss,23000,,1,0.02430058,act-PickCube-v1-rgb-100demos-seed1/events.out.tfevents.1790218111.WP.3361031.0
act-PickCube-v1-rgb-100demos-seed1,training_scalar,loss,23100,,1,0.02088140,act-PickCube-v1-rgb-100demos-seed1/events.out.tfevents.1790218111.WP.3361031.0
act-PickCube-v1-rgb-100demos-seed1,training_scalar,loss,23200,,1,0.01413443,act-PickCube-v1-rgb-100demos-seed1/events.out.tfevents.1790218111.WP.3361031.0
act-PickCube-v1-rgb-100demos-seed1,training_scalar,loss,23300,,1,0.01592195,act-PickCube-v1-rgb-100demos-seed1/events.out.tfevents.1790218111.WP.3361031.0
act-PickCube-v1-rgb-100demos-seed1,training_scalar,loss,23400,,1,0.04576023,act-PickCube-v1-rgb-100demos-seed1/events.out.tfevents.1790218111.WP.3361031.0
act-PickCube-v1-rgb-100demos-seed1,training_scalar,loss,23500,,1,0.01317558,act-PickCube-v1-rgb-100demos-seed1/events.out.tfevents.1790218111.WP.3361031.0
act-PickCube-v1-rgb-100demos-seed1,training_scalar,loss,23600,,1,0.01721023,act-PickCube-v1-rgb-100demos-seed1/events.out.tfevents.1790218111.WP.3361031.0
act-PickCube-v1-rgb-100demos-seed1,training_scalar,loss,23700,,1,0.01611610,act-PickCube-v1-rgb-100demos-seed1/events.out.tfevents.1790218111.WP.3361031.0
act-PickCube-v1-rgb-100demos-seed1,training_scalar,loss,23800,,1,0.01787057,act-PickCube-v1-rgb-100demos-seed1/events.out.tfevents.1790218111.WP.3361031.0
act-PickCube-v1-rgb-100demos-seed1,training_scalar,loss,23900,,1,0.01598942,act-PickCube-v1-rgb-100demos-seed1/events.out.tfevents.1790218111.WP.3361031.0
act-PickCube-v1-rgb-100demos-seed1,training_scalar,loss,24000,,1,0.00897536,act-PickCube-v1-rgb-100demos-seed1/events.out.tfevents.1790218111.WP.3361031.0
act-PickCube-v1-rgb-100demos-seed1,training_scalar,loss,24100,,1,0.00768473,act-PickCube-v1-rgb-100demos-seed1/events.out.tfevents.1790218111.WP.3361031.0
act-PickCube-v1-rgb-100demos-seed1,training_scalar,loss,24200,,1,0.01641518,act-PickCube-v1-rgb-100demos-seed1/events.out.tfevents.1790218111.WP.3361031.0
act-PickCube-v1-rgb-100demos-seed1,training_scalar,loss,24300,,1,0.01982936,act-PickCube-v1-rgb-100demos-seed1/events.out.tfevents.1790218111.WP.3361031.0
act-PickCube-v1-rgb-100demos-seed1,training_scalar,loss,24400,,1,0.01622322,act-PickCube-v1-rgb-100demos-seed1/events.out.tfevents.1790218111.WP.3361031.0
act-PickCube-v1-rgb-100demos-seed1,training_scalar,loss,24500,,1,0.02205626,act-PickCube-v1-rgb-100demos-seed1/events.out.tfevents.1790218111.WP.3361031.0
act-PickCube-v1-rgb-100demos-seed1,training_scalar,loss,24600,,1,0.01853602,act-PickCube-v1-rgb-100demos-seed1/events.out.tfevents.1790218111.WP.3361031.0
act-PickCube-v1-rgb-100demos-seed1,training_scalar,loss,24700,,1,0.01440487,act-PickCube-v1-rgb-100demos-seed1/events.out.tfevents.1790218111.WP.3361031.0
act-PickCube-v1-rgb-100demos-seed1,training_scalar,loss,24800,,1,0.01421430,act-PickCube-v1-rgb-100demos-seed1/events.out.tfevents.1790218111.WP.3361031.0
act-PickCube-v1-rgb-100demos-seed1,training_scalar,loss,24900,,1,0.00890331,act-PickCube-v1-rgb-100demos-seed1/events.out.tfevents.1790218111.WP.3361031.0
act-PickCube-v1-rgb-100demos-seed1,training_scalar,loss,25000,,1,0.01640714,act-PickCube-v1-rgb-100demos-seed1/events.out.tfevents.1790218111.WP.3361031.0
act-PickCube-v1-rgb-100demos-seed1,training_scalar,loss,25100,,1,0.01683351,act-PickCube-v1-rgb-100demos-seed1/events.out.tfevents.1790218111.WP.3361031.0
act-PickCube-v1-rgb-100demos-seed1,training_scalar,loss,25200,,1,0.00675941,act-PickCube-v1-rgb-100demos-seed1/events.out.tfevents.1790218111.WP.3361031.0
act-PickCube-v1-rgb-100demos-seed1,training_scalar,loss,25300,,1,0.01417374,act-PickCube-v1-rgb-100demos-seed1/events.out.tfevents.1790218111.WP.3361031.0
act-PickCube-v1-rgb-100demos-seed1,training_scalar,loss,25400,,1,0.00975075,act-PickCube-v1-rgb-100demos-seed1/events.out.tfevents.1790218111.WP.3361031.0
act-PickCube-v1-rgb-100demos-seed1,training_scalar,loss,25500,,1,0.00980561,act-PickCube-v1-rgb-100demos-seed1/events.out.tfevents.1790218111.WP.3361031.0
act-PickCube-v1-rgb-100demos-seed1,training_scalar,loss,25600,,1,0.01100516,act-PickCube-v1-rgb-100demos-seed1/events.out.tfevents.1790218111.WP.3361031.0
act-PickCube-v1-rgb-100demos-seed1,training_scalar,loss,25700,,1,0.01198380,act-PickCube-v1-rgb-100demos-seed1/events.out.tfevents.1790218111.WP.3361031.0
act-PickCube-v1-rgb-100demos-seed1,training_scalar,loss,25800,,1,0.00855163,act-PickCube-v1-rgb-100demos-seed1/events.out.tfevents.1790218111.WP.3361031.0
act-PickCube-v1-rgb-100demos-seed1,training_scalar,loss,25900,,1,0.02247550,act-PickCube-v1-rgb-100demos-seed1/events.out.tfevents.1790218111.WP.3361031.0
act-PickCube-v1-rgb-100demos-seed1,training_scalar,loss,26000,,1,0.01592910,act-PickCube-v1-rgb-100demos-seed1/events.out.tfevents.1790218111.WP.3361031.0
act-PickCube-v1-rgb-100demos-seed1,training_scalar,loss,26100,,1,0.01060243,act-PickCube-v1-rgb-100demos-seed1/events.out.tfevents.1790218111.WP.3361031.0
act-PickCube-v1-rgb-100demos-seed1,training_scalar,loss,26200,,1,0.00979661,act-PickCube-v1-rgb-100demos-seed1/events.out.tfevents.1790218111.WP.3361031.0
act-PickCube-v1-rgb-100demos-seed1,training_scalar,loss,26300,,1,0.01346085,act-PickCube-v1-rgb-100demos-seed1/events.out.tfevents.1790218111.WP.3361031.0
act-PickCube-v1-rgb-100demos-seed1,training_scalar,loss,26400,,1,0.03139893,act-PickCube-v1-rgb-100demos-seed1/events.out.tfevents.1790218111.WP.3361031.0
act-PickCube-v1-rgb-100demos-seed1,training_scalar,loss,26500,,1,0.00701662,act-PickCube-v1-rgb-100demos-seed1/events.out.tfevents.1790218111.WP.3361031.0
act-PickCube-v1-rgb-100demos-seed1,training_scalar,loss,26600,,1,0.01403863,act-PickCube-v1-rgb-100demos-seed1/events.out.tfevents.1790218111.WP.3361031.0
act-PickCube-v1-rgb-100demos-seed1,training_scalar,loss,26700,,1,0.00937033,act-PickCube-v1-rgb-100demos-seed1/events.out.tfevents.1790218111.WP.3361031.0
act-PickCube-v1-rgb-100demos-seed1,training_scalar,loss,26800,,1,0.00788132,act-PickCube-v1-rgb-100demos-seed1/events.out.tfevents.1790218111.WP.3361031.0
act-PickCube-v1-rgb-100demos-seed1,training_scalar,loss,26900,,1,0.01990705,act-PickCube-v1-rgb-100demos-seed1/events.out.tfevents.1790218111.WP.3361031.0
act-PickCube-v1-rgb-100demos-seed1,training_scalar,loss,27000,,1,0.01265948,act-PickCube-v1-rgb-100demos-seed1/events.out.tfevents.1790218111.WP.3361031.0
act-PickCube-v1-rgb-100demos-seed1,training_scalar,loss,27100,,1,0.01683178,act-PickCube-v1-rgb-100demos-seed1/events.out.tfevents.1790218111.WP.3361031.0
act-PickCube-v1-rgb-100demos-seed1,training_scalar,loss,27200,,1,0.01705693,act-PickCube-v1-rgb-100demos-seed1/events.out.tfevents.1790218111.WP.3361031.0
act-PickCube-v1-rgb-100demos-seed1,training_scalar,loss,27300,,1,0.01942988,act-PickCube-v1-rgb-100demos-seed1/events.out.tfevents.1790218111.WP.3361031.0
act-PickCube-v1-rgb-100demos-seed1,training_scalar,loss,27400,,1,0.01596043,act-PickCube-v1-rgb-100demos-seed1/events.out.tfevents.1790218111.WP.3361031.0
act-PickCube-v1-rgb-100demos-seed1,training_scalar,loss,27500,,1,0.01422018,act-PickCube-v1-rgb-100demos-seed1/events.out.tfevents.1790218111.WP.3361031.0
act-PickCube-v1-rgb-100demos-seed1,training_scalar,loss,27600,,1,0.01206419,act-PickCube-v1-rgb-100demos-seed1/events.out.tfevents.1790218111.WP.3361031.0
act-PickCube-v1-rgb-100demos-seed1,training_scalar,loss,27700,,1,0.02198621,act-PickCube-v1-rgb-100demos-seed1/events.out.tfevents.1790218111.WP.3361031.0
act-PickCube-v1-rgb-100demos-seed1,training_scalar,loss,27800,,1,0.01188592,act-PickCube-v1-rgb-100demos-seed1/events.out.tfevents.1790218111.WP.3361031.0
act-PickCube-v1-rgb-100demos-seed1,training_scalar,loss,27900,,1,0.01502752,act-PickCube-v1-rgb-100demos-seed1/events.out.tfevents.1790218111.WP.3361031.0
act-PickCube-v1-rgb-100demos-seed1,training_scalar,loss,28000,,1,0.01702989,act-PickCube-v1-rgb-100demos-seed1/events.out.tfevents.1790218111.WP.3361031.0
act-PickCube-v1-rgb-100demos-seed1,training_scalar,loss,28100,,1,0.01685219,act-PickCube-v1-rgb-100demos-seed1/events.out.tfevents.1790218111.WP.3361031.0
act-PickCube-v1-rgb-100demos-seed1,training_scalar,loss,28200,,1,0.02042207,act-PickCube-v1-rgb-100demos-seed1/events.out.tfevents.1790218111.WP.3361031.0
act-PickCube-v1-rgb-100demos-seed1,training_scalar,loss,28300,,1,0.01014358,act-PickCube-v1-rgb-100demos-seed1/events.out.tfevents.1790218111.WP.3361031.0
act-PickCube-v1-rgb-100demos-seed1,training_scalar,loss,28400,,1,0.01531245,act-PickCube-v1-rgb-100demos-seed1/events.out.tfevents.1790218111.WP.3361031.0
act-PickCube-v1-rgb-100demos-seed1,training_scalar,loss,28500,,1,0.01729058,act-PickCube-v1-rgb-100demos-seed1/events.out.tfevents.1790218111.WP.3361031.0
act-PickCube-v1-rgb-100demos-seed1,training_scalar,loss,28600,,1,0.01880342,act-PickCube-v1-rgb-100demos-seed1/events.out.tfevents.1790218111.WP.3361031.0
act-PickCube-v1-rgb-100demos-seed1,training_scalar,loss,28700,,1,0.01500185,act-PickCube-v1-rgb-100demos-seed1/events.out.tfevents.1790218111.WP.3361031.0
act-PickCube-v1-rgb-100demos-seed1,training_scalar,loss,28800,,1,0.01176978,act-PickCube-v1-rgb-100demos-seed1/events.out.tfevents.1790218111.WP.3361031.0
act-PickCube-v1-rgb-100demos-seed1,training_scalar,loss,28900,,1,0.01377487,act-PickCube-v1-rgb-100demos-seed1/events.out.tfevents.1790218111.WP.3361031.0
act-PickCube-v1-rgb-100demos-seed1,training_scalar,loss,29000,,1,0.01184176,act-PickCube-v1-rgb-100demos-seed1/events.out.tfevents.1790218111.WP.3361031.0
act-PickCube-v1-rgb-100demos-seed1,training_scalar,loss,29100,,1,0.00766936,act-PickCube-v1-rgb-100demos-seed1/events.out.tfevents.1790218111.WP.3361031.0
act-PickCube-v1-rgb-100demos-seed1,training_scalar,loss,29200,,1,0.01396279,act-PickCube-v1-rgb-100demos-seed1/events.out.tfevents.1790218111.WP.3361031.0
act-PickCube-v1-rgb-100demos-seed1,training_scalar,loss,29300,,1,0.02695069,act-PickCube-v1-rgb-100demos-seed1/events.out.tfevents.1790218111.WP.3361031.0
act-PickCube-v1-rgb-100demos-seed1,training_scalar,loss,29400,,1,0.01273606,act-PickCube-v1-rgb-100demos-seed1/events.out.tfevents.1790218111.WP.3361031.0
act-PickCube-v1-rgb-100demos-seed1,training_scalar,loss,29500,,1,0.02196546,act-PickCube-v1-rgb-100demos-seed1/events.out.tfevents.1790218111.WP.3361031.0
act-PickCube-v1-rgb-100demos-seed1,training_scalar,loss,29600,,1,0.01570879,act-PickCube-v1-rgb-100demos-seed1/events.out.tfevents.1790218111.WP.3361031.0
act-PickCube-v1-rgb-100demos-seed1,training_scalar,loss,29700,,1,0.01086909,act-PickCube-v1-rgb-100demos-seed1/events.out.tfevents.1790218111.WP.3361031.0
act-PickCube-v1-rgb-100demos-seed1,training_scalar,loss,29800,,1,0.00871743,act-PickCube-v1-rgb-100demos-seed1/events.out.tfevents.1790218111.WP.3361031.0
act-PickCube-v1-rgb-100demos-seed1,training_scalar,loss,29900,,1,0.01218726,act-PickCube-v1-rgb-100demos-seed1/events.out.tfevents.1790218111.WP.3361031.0
act-PickCube-v1-rgb-100demos-seed1,training_scalar,loss,30000,,1,0.01272857,act-PickCube-v1-rgb-100demos-seed1/events.out.tfevents.1790218111.WP.3361031.0
act-PickCube-v1-rgb-100demos-seed1,training_periodic_eval,success_once,0,100,1,0.00000000,act-PickCube-v1-rgb-100demos-seed1/events.out.tfevents.1790218111.WP.3361031.0
act-PickCube-v1-rgb-100demos-seed1,training_periodic_eval,success_once,5000,100,1,0.01000000,act-PickCube-v1-rgb-100demos-seed1/events.out.tfevents.1790218111.WP.3361031.0
act-PickCube-v1-rgb-100demos-seed1,training_periodic_eval,success_once,10000,100,1,0.31999999,act-PickCube-v1-rgb-100demos-seed1/events.out.tfevents.1790218111.WP.3361031.0
act-PickCube-v1-rgb-100demos-seed1,training_periodic_eval,success_once,15000,100,1,0.75999999,act-PickCube-v1-rgb-100demos-seed1/events.out.tfevents.1790218111.WP.3361031.0
act-PickCube-v1-rgb-100demos-seed1,training_periodic_eval,success_once,20000,100,1,0.85000002,act-PickCube-v1-rgb-100demos-seed1/events.out.tfevents.1790218111.WP.3361031.0
act-PickCube-v1-rgb-100demos-seed1,training_periodic_eval,success_once,25000,100,1,0.85000002,act-PickCube-v1-rgb-100demos-seed1/events.out.tfevents.1790218111.WP.3361031.0
act-PickCube-v1-rgb-100demos-seed1,training_periodic_eval,success_once,30000,100,1,0.86000001,act-PickCube-v1-rgb-100demos-seed1/events.out.tfevents.1790218111.WP.3361031.0
act-PickCube-v1-rgb-100demos-seed1,training_periodic_eval,success_at_end,0,100,1,0.00000000,act-PickCube-v1-rgb-100demos-seed1/events.out.tfevents.1790218111.WP.3361031.0
act-PickCube-v1-rgb-100demos-seed1,training_periodic_eval,success_at_end,5000,100,1,0.01000000,act-PickCube-v1-rgb-100demos-seed1/events.out.tfevents.1790218111.WP.3361031.0
act-PickCube-v1-rgb-100demos-seed1,training_periodic_eval,success_at_end,10000,100,1,0.25999999,act-PickCube-v1-rgb-100demos-seed1/events.out.tfevents.1790218111.WP.3361031.0
act-PickCube-v1-rgb-100demos-seed1,training_periodic_eval,success_at_end,15000,100,1,0.68000001,act-PickCube-v1-rgb-100demos-seed1/events.out.tfevents.1790218111.WP.3361031.0
act-PickCube-v1-rgb-100demos-seed1,training_periodic_eval,success_at_end,20000,100,1,0.82999998,act-PickCube-v1-rgb-100demos-seed1/events.out.tfevents.1790218111.WP.3361031.0
act-PickCube-v1-rgb-100demos-seed1,training_periodic_eval,success_at_end,25000,100,1,0.82999998,act-PickCube-v1-rgb-100demos-seed1/events.out.tfevents.1790218111.WP.3361031.0
act-PickCube-v1-rgb-100demos-seed1,training_periodic_eval,success_at_end,30000,100,1,0.83999997,act-PickCube-v1-rgb-100demos-seed1/events.out.tfevents.1790218111.WP.3361031.0
act-PickCube-v1-rgb-100demos-seed1,training_periodic_eval,return,0,100,1,0.00000000,act-PickCube-v1-rgb-100demos-seed1/events.out.tfevents.1790218111.WP.3361031.0
act-PickCube-v1-rgb-100demos-seed1,training_periodic_eval,return,5000,100,1,0.62000000,act-PickCube-v1-rgb-100demos-seed1/events.out.tfevents.1790218111.WP.3361031.0
act-PickCube-v1-rgb-100demos-seed1,training_periodic_eval,return,10000,100,1,8.52999973,act-PickCube-v1-rgb-100demos-seed1/events.out.tfevents.1790218111.WP.3361031.0
act-PickCube-v1-rgb-100demos-seed1,training_periodic_eval,return,15000,100,1,22.45999908,act-PickCube-v1-rgb-100demos-seed1/events.out.tfevents.1790218111.WP.3361031.0
act-PickCube-v1-rgb-100demos-seed1,training_periodic_eval,return,20000,100,1,25.23999977,act-PickCube-v1-rgb-100demos-seed1/events.out.tfevents.1790218111.WP.3361031.0
act-PickCube-v1-rgb-100demos-seed1,training_periodic_eval,return,25000,100,1,25.40999985,act-PickCube-v1-rgb-100demos-seed1/events.out.tfevents.1790218111.WP.3361031.0
act-PickCube-v1-rgb-100demos-seed1,training_periodic_eval,return,30000,100,1,25.86000061,act-PickCube-v1-rgb-100demos-seed1/events.out.tfevents.1790218111.WP.3361031.0
act-PickCube-v1-rgb-100demos-seed1,training_periodic_eval,reward,0,100,1,0.00000000,act-PickCube-v1-rgb-100demos-seed1/events.out.tfevents.1790218111.WP.3361031.0
act-PickCube-v1-rgb-100demos-seed1,training_periodic_eval,reward,5000,100,1,0.00620000,act-PickCube-v1-rgb-100demos-seed1/events.out.tfevents.1790218111.WP.3361031.0
act-PickCube-v1-rgb-100demos-seed1,training_periodic_eval,reward,10000,100,1,0.08530000,act-PickCube-v1-rgb-100demos-seed1/events.out.tfevents.1790218111.WP.3361031.0
act-PickCube-v1-rgb-100demos-seed1,training_periodic_eval,reward,15000,100,1,0.22460000,act-PickCube-v1-rgb-100demos-seed1/events.out.tfevents.1790218111.WP.3361031.0
act-PickCube-v1-rgb-100demos-seed1,training_periodic_eval,reward,20000,100,1,0.25240001,act-PickCube-v1-rgb-100demos-seed1/events.out.tfevents.1790218111.WP.3361031.0
act-PickCube-v1-rgb-100demos-seed1,training_periodic_eval,reward,25000,100,1,0.25409999,act-PickCube-v1-rgb-100demos-seed1/events.out.tfevents.1790218111.WP.3361031.0
act-PickCube-v1-rgb-100demos-seed1,training_periodic_eval,reward,30000,100,1,0.25860000,act-PickCube-v1-rgb-100demos-seed1/events.out.tfevents.1790218111.WP.3361031.0
rgb-best_eval_success_at_end,checkpoint_video_eval,success_once,,100,0,0.89000000,act-PickCube-v1-rgb-100demos-seed1/videos/best_eval_success_at_end/seed-0/metrics.json
rgb-best_eval_success_at_end,checkpoint_video_eval,return,,100,0,27.43000000,act-PickCube-v1-rgb-100demos-seed1/videos/best_eval_success_at_end/seed-0/metrics.json
rgb-best_eval_success_at_end,checkpoint_video_eval,episode_len,,100,0,100.00000000,act-PickCube-v1-rgb-100demos-seed1/videos/best_eval_success_at_end/seed-0/metrics.json
rgb-best_eval_success_at_end,checkpoint_video_eval,reward,,100,0,0.27430000,act-PickCube-v1-rgb-100demos-seed1/videos/best_eval_success_at_end/seed-0/metrics.json
rgb-best_eval_success_at_end,checkpoint_video_eval,success_at_end,,100,0,0.86000000,act-PickCube-v1-rgb-100demos-seed1/videos/best_eval_success_at_end/seed-0/metrics.json
rgb-best_eval_success_at_end,checkpoint_video_eval,success_once,,100,1,0.91000000,act-PickCube-v1-rgb-100demos-seed1/videos/best_eval_success_at_end/seed-1/metrics.json
rgb-best_eval_success_at_end,checkpoint_video_eval,return,,100,1,28.73000000,act-PickCube-v1-rgb-100demos-seed1/videos/best_eval_success_at_end/seed-1/metrics.json
rgb-best_eval_success_at_end,checkpoint_video_eval,episode_len,,100,1,100.00000000,act-PickCube-v1-rgb-100demos-seed1/videos/best_eval_success_at_end/seed-1/metrics.json
rgb-best_eval_success_at_end,checkpoint_video_eval,reward,,100,1,0.28730000,act-PickCube-v1-rgb-100demos-seed1/videos/best_eval_success_at_end/seed-1/metrics.json
rgb-best_eval_success_at_end,checkpoint_video_eval,success_at_end,,100,1,0.89000000,act-PickCube-v1-rgb-100demos-seed1/videos/best_eval_success_at_end/seed-1/metrics.json
rgb-best_eval_success_at_end,checkpoint_video_eval,success_once,,100,2,0.88000000,act-PickCube-v1-rgb-100demos-seed1/videos/best_eval_success_at_end/seed-2/metrics.json
rgb-best_eval_success_at_end,checkpoint_video_eval,return,,100,2,25.62000000,act-PickCube-v1-rgb-100demos-seed1/videos/best_eval_success_at_end/seed-2/metrics.json
rgb-best_eval_success_at_end,checkpoint_video_eval,episode_len,,100,2,100.00000000,act-PickCube-v1-rgb-100demos-seed1/videos/best_eval_success_at_end/seed-2/metrics.json
rgb-best_eval_success_at_end,checkpoint_video_eval,reward,,100,2,0.25620000,act-PickCube-v1-rgb-100demos-seed1/videos/best_eval_success_at_end/seed-2/metrics.json
rgb-best_eval_success_at_end,checkpoint_video_eval,success_at_end,,100,2,0.84000000,act-PickCube-v1-rgb-100demos-seed1/videos/best_eval_success_at_end/seed-2/metrics.json
